pk,species_id,name,hp,attack,defense,sp_attack,sp_defense,speed,bst,height,weight,base_exp,gen,is_default
1,1,bulbasaur,45,49,49,65,65,45,318,7,69,64,1,1
2,2,ivysaur,60,62,63,80,80,60,405,10,130,142,1,1
3,3,venusaur,80,82,83,100,100,80,525,20,1000,236,1,1
4,4,charmander,39,52,43,60,50,65,309,6,85,62,1,1
5,5,charmeleon,58,64,58,80,65,80,405,11,190,142,1,1
6,6,charizard,78,84,78,109,85,100,534,17,905,240,1,1
7,7,squirtle,44,48,65,50,64,43,314,5,90,63,1,1
8,8,wartortle,59,63,80,65,80,58,405,10,225,142,1,1
9,9,blastoise,79,83,100,85,105,78,530,16,855,239,1,1
10,10,caterpie,45,30,35,20,20,45,195,3,29,39,1,1
11,11,metapod,50,20,55,25,25,30,205,7,99,72,1,1
12,12,butterfree,60,45,50,90,80,70,395,11,320,178,1,1
13,13,weedle,40,35,30,20,20,50,195,3,32,39,1,1
14,14,kakuna,45,25,50,25,25,35,205,6,100,72,1,1
15,15,beedrill,65,90,40,45,80,75,395,10,295,178,1,1
16,16,pidgey,40,45,40,35,35,56,251,3,18,50,1,1
17,17,pidgeotto,63,60,55,50,50,71,349,11,300,122,1,1
18,18,pidgeot,83,80,75,70,70,101,479,15,395,216,1,1
19,19,rattata,30,56,35,25,35,72,253,3,35,51,1,1
20,20,raticate,55,81,60,50,70,97,413,7,185,145,1,1
21,21,spearow,40,60,30,31,31,70,262,3,20,52,1,1
22,22,fearow,65,90,65,61,61,100,442,12,380,155,1,1
23,23,ekans,35,60,44,40,54,55,288,20,69,58,1,1
24,24,arbok,60,85,69,65,79,80,438,35,650,153,1,1
25,25,pikachu,35,55,40,50,50,90,320,4,60,112,1,1
26,26,raichu,60,90,55,90,80,110,485,8,300,218,1,1
27,27,sandshrew,50,75,85,20,30,40,300,6,120,60,1,1
28,28,sandslash,75,100,110,45,55,65,450,10,295,158,1,1
29,29,nidoran-f,55,47,52,40,40,41,275,4,70,55,1,1
30,30,nidorina,70,62,67,55,55,56,365,8,200,128,1,1
31,31,nidoqueen,90,92,87,75,85,76,505,13,600,227,1,1
32,32,nidoran-m,46,57,40,40,40,50,273,5,90,55,1,1
33,33,nidorino,61,72,57,55,55,65,365,9,195,128,1,1
34,34,nidoking,81,102,77,85,75,85,505,14,620,227,1,1
35,35,clefairy,70,45,48,60,65,35,323,6,75,113,1,1
36,36,clefable,95,70,73,95,90,60,483,13,400,217,1,1
37,37,vulpix,38,41,40,50,65,65,299,6,99,60,1,1
38,38,ninetales,73,76,75,81,100,100,505,11,199,177,1,1
39,39,jigglypuff,115,45,20,45,25,20,270,5,55,95,1,1
40,40,wigglytuff,140,70,45,85,50,45,435,10,120,196,1,1
41,41,zubat,40,45,35,30,40,55,245,8,75,49,1,1
42,42,golbat,75,80,70,65,75,90,455,16,550,159,1,1
43,43,oddish,45,50,55,75,65,30,320,5,54,64,1,1
44,44,gloom,60,65,70,85,75,40,395,8,86,138,1,1
45,45,vileplume,75,80,85,110,90,50,490,12,186,221,1,1
46,46,paras,35,70,55,45,55,25,285,3,54,57,1,1
47,47,parasect,60,95,80,60,80,30,405,10,295,142,1,1
48,48,venonat,60,55,50,40,55,45,305,10,300,61,1,1
49,49,venomoth,70,65,60,90,75,90,450,15,125,158,1,1
50,50,diglett,10,55,25,35,45,95,265,2,8,53,1,1
51,51,dugtrio,35,80,50,50,70,120,405,7,333,142,1,1
52,52,meowth,40,45,35,40,40,90,290,4,42,58,1,1
53,53,persian,65,70,60,65,65,115,440,10,320,154,1,1
54,54,psyduck,50,52,48,65,50,55,320,8,196,64,1,1
55,55,golduck,80,82,78,95,80,85,500,17,766,175,1,1
56,56,mankey,40,80,35,35,45,70,305,5,280,61,1,1
57,57,primeape,65,105,60,60,70,95,455,10,320,159,1,1
58,58,growlithe,55,70,45,70,50,60,350,7,190,70,1,1
59,59,arcanine,90,110,80,100,80,95,555,19,1550,194,1,1
60,60,poliwag,40,50,40,40,40,90,300,6,124,60,1,1
61,61,poliwhirl,65,65,65,50,50,90,385,10,200,135,1,1
62,62,poliwrath,90,95,95,70,90,70,510,13,540,230,1,1
63,63,abra,25,20,15,105,55,90,310,9,195,62,1,1
64,64,kadabra,40,35,30,120,70,105,400,13,565,140,1,1
65,65,alakazam,55,50,45,135,95,120,500,15,480,225,1,1
66,66,machop,70,80,50,35,35,35,305,8,195,61,1,1
67,67,machoke,80,100,70,50,60,45,405,15,705,142,1,1
68,68,machamp,90,130,80,65,85,55,505,16,1300,227,1,1
69,69,bellsprout,50,75,35,70,30,40,300,7,40,60,1,1
70,70,weepinbell,65,90,50,85,45,55,390,10,64,137,1,1
71,71,victreebel,80,105,65,100,70,70,490,17,155,221,1,1
72,72,tentacool,40,40,35,50,100,70,335,9,455,67,1,1
73,73,tentacruel,80,70,65,80,120,100,515,16,550,180,1,1
74,74,geodude,40,80,100,30,30,20,300,4,200,60,1,1
75,75,graveler,55,95,115,45,45,35,390,10,1050,137,1,1
76,76,golem,80,120,130,55,65,45,495,14,3000,223,1,1
77,77,ponyta,50,85,55,65,65,90,410,10,300,82,1,1
78,78,rapidash,65,100,70,80,80,105,500,17,950,175,1,1
79,79,slowpoke,90,65,65,40,40,15,315,12,360,63,1,1
80,80,slowbro,95,75,110,100,80,30,490,16,785,172,1,1
81,81,magnemite,25,35,70,95,55,45,325,3,60,65,1,1
82,82,magneton,50,60,95,120,70,70,465,10,600,163,1,1
83,83,farfetchd,52,65,55,58,62,60,352,8,150,123,1,1
84,84,doduo,35,85,45,35,35,75,310,14,392,62,1,1
85,85,dodrio,60,110,70,60,60,100,460,18,852,161,1,1
86,86,seel,65,45,55,45,70,45,325,11,900,65,1,1
87,87,dewgong,90,70,80,70,95,70,475,17,1200,166,1,1
88,88,grimer,80,80,50,40,50,25,325,9,300,65,1,1
89,89,muk,105,105,75,65,100,50,500,12,300,175,1,1
90,90,shellder,30,65,100,45,25,40,305,3,40,61,1,1
91,91,cloyster,50,95,180,85,45,70,525,15,1325,184,1,1
92,92,gastly,30,35,30,100,35,80,310,13,1,62,1,1
93,93,haunter,45,50,45,115,55,95,405,16,1,142,1,1
94,94,gengar,60,65,60,130,75,110,500,15,405,225,1,1
95,95,onix,35,45,160,30,45,70,385,88,2100,77,1,1
96,96,drowzee,60,48,45,43,90,42,328,10,324,66,1,1
97,97,hypno,85,73,70,73,115,67,483,16,756,169,1,1
98,98,krabby,30,105,90,25,25,50,325,4,65,65,1,1
99,99,kingler,55,130,115,50,50,75,475,13,600,166,1,1
100,100,voltorb,40,30,50,55,55,100,330,5,104,66,1,1
101,101,electrode,60,50,70,80,80,140,480,12,666,168,1,1
102,102,exeggcute,60,40,80,60,45,40,325,4,25,65,1,1
103,103,exeggutor,95,95,85,125,65,55,520,20,1200,182,1,1
104,104,cubone,50,50,95,40,50,35,320,4,65,64,1,1
105,105,marowak,60,80,110,50,80,45,425,10,450,149,1,1
106,106,hitmonlee,50,120,53,35,110,87,455,15,498,159,1,1
107,107,hitmonchan,50,105,79,35,110,76,455,14,502,159,1,1
108,108,lickitung,90,55,75,60,75,30,385,12,655,77,1,1
109,109,koffing,40,65,95,60,45,35,340,6,10,68,1,1
110,110,weezing,65,90,120,85,70,60,490,12,95,172,1,1
111,111,rhyhorn,80,85,95,30,30,25,345,10,1150,69,1,1
112,112,rhydon,105,130,120,45,45,40,485,19,1200,170,1,1
113,113,chansey,250,5,5,35,105,50,450,11,346,395,1,1
114,114,tangela,65,55,115,100,40,60,435,10,350,87,1,1
115,115,kangaskhan,105,95,80,40,80,90,490,22,800,172,1,1
116,116,horsea,30,40,70,70,25,60,295,4,80,59,1,1
117,117,seadra,55,65,95,95,45,85,440,12,250,154,1,1
118,118,goldeen,45,67,60,35,50,63,320,6,150,64,1,1
119,119,seaking,80,92,65,65,80,68,450,13,390,158,1,1
120,120,staryu,30,45,55,70,55,85,340,8,345,68,1,1
121,121,starmie,60,75,85,100,85,115,520,11,800,182,1,1
122,122,mr-mime,40,45,65,100,120,90,460,13,545,161,1,1
123,123,scyther,70,110,80,55,80,105,500,15,560,100,1,1
124,124,jynx,65,50,35,115,95,95,455,14,406,159,1,1
125,125,electabuzz,65,83,57,95,85,105,490,11,300,172,1,1
126,126,magmar,65,95,57,100,85,93,495,13,445,173,1,1
127,127,pinsir,65,125,100,55,70,85,500,15,550,175,1,1
128,128,tauros,75,100,95,40,70,110,490,14,884,172,1,1
129,129,magikarp,20,10,55,15,20,80,200,9,100,40,1,1
130,130,gyarados,95,125,79,60,100,81,540,65,2350,189,1,1
131,131,lapras,130,85,80,85,95,60,535,25,2200,187,1,1
132,132,ditto,48,48,48,48,48,48,288,3,40,101,1,1
133,133,eevee,55,55,50,45,65,55,325,3,65,65,1,1
134,134,vaporeon,130,65,60,110,95,65,525,10,290,184,1,1
135,135,jolteon,65,65,60,110,95,130,525,8,245,184,1,1
136,136,flareon,65,130,60,95,110,65,525,9,250,184,1,1
137,137,porygon,65,60,70,85,75,40,395,8,365,79,1,1
138,138,omanyte,35,40,100,90,55,35,355,4,75,71,1,1
139,139,omastar,70,60,125,115,70,55,495,10,350,173,1,1
140,140,kabuto,30,80,90,55,45,55,355,5,115,71,1,1
141,141,kabutops,60,115,105,65,70,80,495,13,405,173,1,1
142,142,aerodactyl,80,105,65,60,75,130,515,18,590,180,1,1
143,143,snorlax,160,110,65,65,110,30,540,21,4600,189,1,1
144,144,articuno,90,85,100,95,125,85,580,17,554,261,1,1
145,145,zapdos,90,90,85,125,90,100,580,16,526,261,1,1
146,146,moltres,90,100,90,125,85,90,580,20,600,261,1,1
147,147,dratini,41,64,45,50,50,50,300,18,33,60,1,1
148,148,dragonair,61,84,65,70,70,70,420,40,165,147,1,1
149,149,dragonite,91,134,95,100,100,80,600,22,2100,270,1,1
150,150,mewtwo,106,110,90,154,90,130,680,20,1220,306,1,1
151,151,mew,100,100,100,100,100,100,600,4,40,270,1,1
152,152,chikorita,45,49,65,49,65,45,318,9,64,64,2,1
153,153,bayleef,60,62,80,63,80,60,405,12,158,142,2,1
154,154,meganium,80,82,100,83,100,80,525,18,1005,236,2,1
155,155,cyndaquil,39,52,43,60,50,65,309,5,79,62,2,1
156,156,quilava,58,64,58,80,65,80,405,9,190,142,2,1
157,157,typhlosion,78,84,78,109,85,100,534,17,795,240,2,1
158,158,totodile,50,65,64,44,48,43,314,6,95,63,2,1
159,159,croconaw,65,80,80,59,63,58,405,11,250,142,2,1
160,160,feraligatr,85,105,100,79,83,78,530,23,888,239,2,1
161,161,sentret,35,46,34,35,45,20,215,8,60,43,2,1
162,162,furret,85,76,64,45,55,90,415,18,325,145,2,1
163,163,hoothoot,60,30,30,36,56,50,262,7,212,52,2,1
164,164,noctowl,100,50,50,76,96,70,442,16,408,155,2,1
165,165,ledyba,40,20,30,40,80,55,265,10,108,53,2,1
166,166,ledian,55,35,50,55,110,85,390,14,356,137,2,1
167,167,spinarak,40,60,40,40,40,30,250,5,85,50,2,1
168,168,ariados,70,90,70,60,60,40,390,11,335,137,2,1
169,169,crobat,85,90,80,70,80,130,535,18,750,241,2,1
170,170,chinchou,75,38,38,56,56,67,330,5,120,66,2,1
171,171,lanturn,125,58,58,76,76,67,460,12,225,161,2,1
172,172,pichu,20,40,15,35,35,60,205,3,20,41,2,1
173,173,cleffa,50,25,28,45,55,15,218,3,30,44,2,1
174,174,igglybuff,90,30,15,40,20,15,210,3,10,42,2,1
175,175,togepi,35,20,65,40,65,20,245,3,15,49,2,1
176,176,togetic,55,40,85,80,105,40,405,6,32,142,2,1
177,177,natu,40,50,45,70,45,70,320,2,20,64,2,1
178,178,xatu,65,75,70,95,70,95,470,15,150,165,2,1
179,179,mareep,55,40,40,65,45,35,280,6,78,56,2,1
180,180,flaaffy,70,55,55,80,60,45,365,8,133,128,2,1
181,181,ampharos,90,75,85,115,90,55,510,14,615,230,2,1
182,182,bellossom,75,80,95,90,100,50,490,4,58,221,2,1
183,183,marill,70,20,50,20,50,40,250,4,85,88,2,1
184,184,azumarill,100,50,80,60,80,50,420,8,285,189,2,1
185,185,sudowoodo,70,100,115,30,65,30,410,12,380,144,2,1
186,186,politoed,90,75,75,90,100,70,500,11,339,225,2,1
187,187,hoppip,35,35,40,35,55,50,250,4,5,50,2,1
188,188,skiploom,55,45,50,45,65,80,340,6,10,119,2,1
189,189,jumpluff,75,55,70,55,95,110,460,8,30,207,2,1
190,190,aipom,55,70,55,40,55,85,360,8,115,72,2,1
191,191,sunkern,30,30,30,30,30,30,180,3,18,36,2,1
192,192,sunflora,75,75,55,105,85,30,425,8,85,149,2,1
193,193,yanma,65,65,45,75,45,95,390,12,380,78,2,1
194,194,wooper,55,45,45,25,25,15,210,4,85,42,2,1
195,195,quagsire,95,85,85,65,65,35,430,14,750,151,2,1
196,196,espeon,65,65,60,130,95,110,525,9,265,184,2,1
197,197,umbreon,95,65,110,60,130,65,525,10,270,184,2,1
198,198,murkrow,60,85,42,85,42,91,405,5,21,81,2,1
199,199,slowking,95,75,80,100,110,30,490,20,795,172,2,1
200,200,misdreavus,60,60,60,85,85,85,435,7,10,87,2,1
201,201,unown,48,72,48,72,48,48,336,5,50,118,2,1
202,202,wobbuffet,190,33,58,33,58,33,405,13,285,142,2,1
203,203,girafarig,70,80,65,90,65,85,455,15,415,159,2,1
204,204,pineco,50,65,90,35,35,15,290,6,72,58,2,1
205,205,forretress,75,90,140,60,60,40,465,12,1258,163,2,1
206,206,dunsparce,100,70,70,65,65,45,415,15,140,145,2,1
207,207,gligar,65,75,105,35,65,85,430,11,648,86,2,1
208,208,steelix,75,85,200,55,65,30,510,92,4000,179,2,1
209,209,snubbull,60,80,50,40,40,30,300,6,78,60,2,1
210,210,granbull,90,120,75,60,60,45,450,14,487,158,2,1
211,211,qwilfish,65,95,75,55,55,85,430,5,39,86,2,1
212,212,scizor,70,130,100,55,80,65,500,18,1180,175,2,1
213,213,shuckle,20,10,230,10,230,5,505,6,205,177,2,1
214,214,heracross,80,125,75,40,95,85,500,15,540,175,2,1
215,215,sneasel,55,95,55,35,75,115,430,9,280,86,2,1
216,216,teddiursa,60,80,50,50,50,40,330,6,88,66,2,1
217,217,ursaring,90,130,75,75,75,55,500,18,1258,175,2,1
218,218,slugma,40,40,40,70,40,20,250,7,350,50,2,1
219,219,magcargo,50,50,120,80,80,30,410,8,550,144,2,1
220,220,swinub,50,50,40,30,30,50,250,4,65,50,2,1
221,221,piloswine,100,100,80,60,60,50,450,11,558,158,2,1
222,222,corsola,55,55,85,65,85,35,380,6,50,133,2,1
223,223,remoraid,35,65,35,65,35,65,300,6,120,60,2,1
224,224,octillery,75,105,75,105,75,45,480,9,285,168,2,1
225,225,delibird,45,55,45,65,45,75,330,9,160,116,2,1
226,226,mantine,65,40,70,80,140,70,465,21,2200,163,2,1
227,227,skarmory,65,80,140,40,70,70,465,17,505,163,2,1
228,228,houndour,45,60,30,80,50,65,330,6,108,66,2,1
229,229,houndoom,75,90,50,110,80,95,500,14,350,175,2,1
230,230,kingdra,75,95,95,95,95,85,540,18,1520,243,2,1
231,231,phanpy,90,60,60,40,40,40,330,5,335,66,2,1
232,232,donphan,90,120,120,60,60,50,500,11,1200,175,2,1
233,233,porygon2,85,80,90,105,95,60,515,6,325,180,2,1
234,234,stantler,73,95,62,85,65,85,465,14,712,163,2,1
235,235,smeargle,55,20,35,20,45,75,250,12,580,88,2,1
236,236,tyrogue,35,35,35,35,35,35,210,7,210,42,2,1
237,237,hitmontop,50,95,95,35,110,70,455,14,480,159,2,1
238,238,smoochum,45,30,15,85,65,65,305,4,60,61,2,1
239,239,elekid,45,63,37,65,55,95,360,6,235,72,2,1
240,240,magby,45,75,37,70,55,83,365,7,214,73,2,1
241,241,miltank,95,80,105,40,70,100,490,12,755,172,2,1
242,242,blissey,255,10,10,75,135,55,540,15,468,608,2,1
243,243,raikou,90,85,75,115,100,115,580,19,1780,261,2,1
244,244,entei,115,115,85,90,75,100,580,21,1980,261,2,1
245,245,suicune,100,75,115,90,115,85,580,20,1870,261,2,1
246,246,larvitar,50,64,50,45,50,41,300,6,720,60,2,1
247,247,pupitar,70,84,70,65,70,51,410,12,1520,144,2,1
248,248,tyranitar,100,134,110,95,100,61,600,20,2020,270,2,1
249,249,lugia,106,90,130,90,154,110,680,52,2160,306,2,1
250,250,ho-oh,106,130,90,110,154,90,680,38,1990,306,2,1
251,251,celebi,100,100,100,100,100,100,600,6,50,270,2,1
252,252,treecko,40,45,35,65,55,70,310,5,50,62,3,1
253,253,grovyle,50,65,45,85,65,95,405,9,216,142,3,1
254,254,sceptile,70,85,65,105,85,120,530,17,522,239,3,1
255,255,torchic,45,60,40,70,50,45,310,4,25,62,3,1
256,256,combusken,60,85,60,85,60,55,405,9,195,142,3,1
257,257,blaziken,80,120,70,110,70,80,530,19,520,239,3,1
258,258,mudkip,50,70,50,50,50,40,310,4,76,62,3,1
259,259,marshtomp,70,85,70,60,70,50,405,7,280,142,3,1
260,260,swampert,100,110,90,85,90,60,535,15,819,241,3,1
261,261,poochyena,35,55,35,30,30,35,220,5,136,44,3,1
262,262,mightyena,70,90,70,60,60,70,420,10,370,147,3,1
263,263,zigzagoon,38,30,41,30,41,60,240,4,175,48,3,1
264,264,linoone,78,70,61,50,61,100,420,5,325,147,3,1
265,265,wurmple,45,45,35,20,30,20,195,3,36,39,3,1
266,266,silcoon,50,35,55,25,25,15,205,6,100,72,3,1
267,267,beautifly,60,70,50,100,50,65,395,10,284,178,3,1
268,268,cascoon,50,35,55,25,25,15,205,7,115,41,3,1
269,269,dustox,60,50,70,50,90,65,385,12,316,135,3,1
270,270,lotad,40,30,30,40,50,30,220,5,26,44,3,1
271,271,lombre,60,50,50,60,70,50,340,12,325,119,3,1
272,272,ludicolo,80,70,70,90,100,70,480,15,550,216,3,1
273,273,seedot,40,40,50,30,30,30,220,5,40,44,3,1
274,274,nuzleaf,70,70,40,60,40,60,340,10,280,119,3,1
275,275,shiftry,90,100,60,90,60,80,480,13,596,216,3,1
276,276,taillow,40,55,30,30,30,85,270,3,23,54,3,1
277,277,swellow,60,85,60,50,50,125,430,7,198,151,3,1
278,278,wingull,40,30,30,55,30,85,270,6,95,54,3,1
279,279,pelipper,60,50,100,85,70,65,430,12,280,151,3,1
280,280,ralts,28,25,25,45,35,40,198,4,66,40,3,1
281,281,kirlia,38,35,35,65,55,50,278,8,202,97,3,1
282,282,gardevoir,68,65,65,125,115,80,518,16,484,233,3,1
283,283,surskit,40,30,32,50,52,65,269,5,17,54,3,1
284,284,masquerain,70,60,62,80,82,60,414,8,36,145,3,1
285,285,shroomish,60,40,60,40,60,35,295,4,45,59,3,1
286,286,breloom,60,130,80,60,60,70,460,12,392,161,3,1
287,287,slakoth,60,60,60,35,35,30,280,8,240,56,3,1
288,288,vigoroth,80,80,80,55,55,90,440,14,465,154,3,1
289,289,slaking,150,160,100,95,65,100,670,20,1305,252,3,1
290,290,nincada,31,45,90,30,30,40,266,5,55,53,3,1
291,291,ninjask,61,90,45,50,50,160,456,8,120,160,3,1
292,292,shedinja,1,90,45,30,30,40,236,8,12,83,3,1
293,293,whismur,64,51,23,51,23,28,240,6,163,48,3,1
294,294,loudred,84,71,43,71,43,48,360,10,405,126,3,1
295,295,exploud,104,91,63,91,73,68,490,15,840,221,3,1
296,296,makuhita,72,60,30,20,30,25,237,10,864,47,3,1
297,297,hariyama,144,120,60,40,60,50,474,23,2538,166,3,1
298,298,azurill,50,20,40,20,40,20,190,2,20,38,3,1
299,299,nosepass,30,45,135,45,90,30,375,10,970,75,3,1
300,300,skitty,50,45,45,35,35,50,260,6,110,52,3,1
301,301,delcatty,70,65,65,55,55,70,380,11,326,133,3,1
302,302,sableye,50,75,75,65,65,50,380,5,110,133,3,1
303,303,mawile,50,85,85,55,55,50,380,6,115,133,3,1
304,304,aron,50,70,100,40,40,30,330,4,600,66,3,1
305,305,lairon,60,90,140,50,50,40,430,9,1200,151,3,1
306,306,aggron,70,110,180,60,60,50,530,21,3600,239,3,1
307,307,meditite,30,40,55,40,55,60,280,6,112,56,3,1
308,308,medicham,60,60,75,60,75,80,410,13,315,144,3,1
309,309,electrike,40,45,40,65,40,65,295,6,152,59,3,1
310,310,manectric,70,75,60,105,60,105,475,15,402,166,3,1
311,311,plusle,60,50,40,85,75,95,405,4,42,142,3,1
312,312,minun,60,40,50,75,85,95,405,4,42,142,3,1
313,313,volbeat,65,73,55,47,75,85,400,7,177,140,3,1
314,314,illumise,65,47,55,73,75,85,400,6,177,140,3,1
315,315,roselia,50,60,45,100,80,65,400,3,20,140,3,1
316,316,gulpin,70,43,53,43,53,40,302,4,103,60,3,1
317,317,swalot,100,73,83,73,83,55,467,17,800,163,3,1
318,318,carvanha,45,90,20,65,20,65,305,8,208,61,3,1
319,319,sharpedo,70,120,40,95,40,95,460,18,888,161,3,1
320,320,wailmer,130,70,35,70,35,60,400,20,1300,80,3,1
321,321,wailord,170,90,45,90,45,60,500,145,3980,175,3,1
322,322,numel,60,60,40,65,45,35,305,7,240,61,3,1
323,323,camerupt,70,100,70,105,75,40,460,19,2200,161,3,1
324,324,torkoal,70,85,140,85,70,20,470,5,804,165,3,1
325,325,spoink,60,25,35,70,80,60,330,7,306,66,3,1
326,326,grumpig,80,45,65,90,110,80,470,9,715,165,3,1
327,327,spinda,60,60,60,60,60,60,360,11,50,126,3,1
328,328,trapinch,45,100,45,45,45,10,290,7,150,58,3,1
329,329,vibrava,50,70,50,50,50,70,340,11,153,119,3,1
330,330,flygon,80,100,80,80,80,100,520,20,820,234,3,1
331,331,cacnea,50,85,40,85,40,35,335,4,513,67,3,1
332,332,cacturne,70,115,60,115,60,55,475,13,774,166,3,1
333,333,swablu,45,40,60,40,75,50,310,4,12,62,3,1
334,334,altaria,75,70,90,70,105,80,490,11,206,172,3,1
335,335,zangoose,73,115,60,60,60,90,458,13,403,160,3,1
336,336,seviper,73,100,60,100,60,65,458,27,525,160,3,1
337,337,lunatone,70,55,65,95,85,70,440,10,1680,154,3,1
338,338,solrock,70,95,85,55,65,70,440,12,1540,154,3,1
339,339,barboach,50,48,43,46,41,60,288,4,19,58,3,1
340,340,whiscash,110,78,73,76,71,60,468,9,236,164,3,1
341,341,corphish,43,80,65,50,35,35,308,6,115,62,3,1
342,342,crawdaunt,63,120,85,90,55,55,468,11,328,164,3,1
343,343,baltoy,40,40,55,40,70,55,300,5,215,60,3,1
344,344,claydol,60,70,105,70,120,75,500,15,1080,175,3,1
345,345,lileep,66,41,77,61,87,23,355,10,238,71,3,1
346,346,cradily,86,81,97,81,107,43,495,15,604,173,3,1
347,347,anorith,45,95,50,40,50,75,355,7,125,71,3,1
348,348,armaldo,75,125,100,70,80,45,495,15,682,173,3,1
349,349,feebas,20,15,20,10,55,80,200,6,74,40,3,1
350,350,milotic,95,60,79,100,125,81,540,62,1620,189,3,1
351,351,castform,70,70,70,70,70,70,420,3,8,147,3,1
352,352,kecleon,60,90,70,60,120,40,440,10,220,154,3,1
353,353,shuppet,44,75,35,63,33,45,295,6,23,59,3,1
354,354,banette,64,115,65,83,63,65,455,11,125,159,3,1
355,355,duskull,20,40,90,30,90,25,295,8,150,59,3,1
356,356,dusclops,40,70,130,60,130,25,455,16,306,159,3,1
357,357,tropius,99,68,83,72,87,51,460,20,1000,161,3,1
358,358,chimecho,65,50,70,95,80,65,425,6,10,149,3,1
359,359,absol,65,130,60,75,60,75,465,12,470,163,3,1
360,360,wynaut,95,23,48,23,48,23,260,6,140,52,3,1
361,361,snorunt,50,50,50,50,50,50,300,7,168,60,3,1
362,362,glalie,80,80,80,80,80,80,480,15,2565,168,3,1
363,363,spheal,70,40,50,55,50,25,290,8,395,58,3,1
364,364,sealeo,90,60,70,75,70,45,410,11,876,144,3,1
365,365,walrein,110,80,90,95,90,65,530,14,1506,239,3,1
366,366,clamperl,35,64,85,74,55,32,345,4,525,69,3,1
367,367,huntail,55,104,105,94,75,52,485,17,270,170,3,1
368,368,gorebyss,55,84,105,114,75,52,485,18,226,170,3,1
369,369,relicanth,100,90,130,45,65,55,485,10,234,170,3,1
370,370,luvdisc,43,30,55,40,65,97,330,6,87,116,3,1
371,371,bagon,45,75,60,40,30,50,300,6,421,60,3,1
372,372,shelgon,65,95,100,60,50,50,420,11,1105,147,3,1
373,373,salamence,95,135,80,110,80,100,600,15,1026,270,3,1
374,374,beldum,40,55,80,35,60,30,300,6,952,60,3,1
375,375,metang,60,75,100,55,80,50,420,12,2025,147,3,1
376,376,metagross,80,135,130,95,90,70,600,16,5500,270,3,1
377,377,regirock,80,100,200,50,100,50,580,17,2300,261,3,1
378,378,regice,80,50,100,100,200,50,580,18,1750,261,3,1
379,379,registeel,80,75,150,75,150,50,580,19,2050,261,3,1
380,380,latias,80,80,90,110,130,110,600,14,400,270,3,1
381,381,latios,80,90,80,130,110,110,600,20,600,270,3,1
382,382,kyogre,100,100,90,150,140,90,670,45,3520,302,3,1
383,383,groudon,100,150,140,100,90,90,670,35,9500,302,3,1
384,384,rayquaza,105,150,90,150,90,95,680,70,2065,306,3,1
385,385,jirachi,100,100,100,100,100,100,600,3,11,270,3,1
386,386,deoxys-normal,50,150,50,150,50,150,600,17,608,270,3,1
387,387,turtwig,55,68,64,45,55,31,318,4,102,64,4,1
388,388,grotle,75,89,85,55,65,36,405,11,970,142,4,1
389,389,torterra,95,109,105,75,85,56,525,22,3100,236,4,1
390,390,chimchar,44,58,44,58,44,61,309,5,62,62,4,1
391,391,monferno,64,78,52,78,52,81,405,9,220,142,4,1
392,392,infernape,76,104,71,104,71,108,534,12,550,240,4,1
393,393,piplup,53,51,53,61,56,40,314,4,52,63,4,1
394,394,prinplup,64,66,68,81,76,50,405,8,230,142,4,1
395,395,empoleon,84,86,88,111,101,60,530,17,845,239,4,1
396,396,starly,40,55,30,30,30,60,245,3,20,49,4,1
397,397,staravia,55,75,50,40,40,80,340,6,155,119,4,1
398,398,staraptor,85,120,70,50,60,100,485,12,249,218,4,1
399,399,bidoof,59,45,40,35,40,31,250,5,200,50,4,1
400,400,bibarel,79,85,60,55,60,71,410,10,315,144,4,1
401,401,kricketot,37,25,41,25,41,25,194,3,22,39,4,1
402,402,kricketune,77,85,51,55,51,65,384,10,255,134,4,1
403,403,shinx,45,65,34,40,34,45,263,5,95,53,4,1
404,404,luxio,60,85,49,60,49,60,363,9,305,127,4,1
405,405,luxray,80,120,79,95,79,70,523,14,420,235,4,1
406,406,budew,40,30,35,50,70,55,280,2,12,56,4,1
407,407,roserade,60,70,65,125,105,90,515,9,145,232,4,1
408,408,cranidos,67,125,40,30,30,58,350,9,315,70,4,1
409,409,rampardos,97,165,60,65,50,58,495,16,1025,173,4,1
410,410,shieldon,30,42,118,42,88,30,350,5,570,70,4,1
411,411,bastiodon,60,52,168,47,138,30,495,13,1495,173,4,1
412,412,burmy,40,29,45,29,45,36,224,2,34,45,4,1
413,413,wormadam-plant,60,59,85,79,105,36,424,5,65,148,4,1
414,414,mothim,70,94,50,94,50,66,424,9,233,148,4,1
415,415,combee,30,30,42,30,42,70,244,3,55,49,4,1
416,416,vespiquen,70,80,102,80,102,40,474,12,385,166,4,1
417,417,pachirisu,60,45,70,45,90,95,405,4,39,142,4,1
418,418,buizel,55,65,35,60,30,85,330,7,295,66,4,1
419,419,floatzel,85,105,55,85,50,115,495,11,335,173,4,1
420,420,cherubi,45,35,45,62,53,35,275,4,33,55,4,1
421,421,cherrim,70,60,70,87,78,85,450,5,93,158,4,1
422,422,shellos,76,48,48,57,62,34,325,3,63,65,4,1
423,423,gastrodon,111,83,68,92,82,39,475,9,299,166,4,1
424,424,ambipom,75,100,66,60,66,115,482,12,203,169,4,1
425,425,drifloon,90,50,34,60,44,70,348,4,12,70,4,1
426,426,drifblim,150,80,44,90,54,80,498,12,150,174,4,1
427,427,buneary,55,66,44,44,56,85,350,4,55,70,4,1
428,428,lopunny,65,76,84,54,96,105,480,12,333,168,4,1
429,429,mismagius,60,60,60,105,105,105,495,9,44,173,4,1
430,430,honchkrow,100,125,52,105,52,71,505,9,273,177,4,1
431,431,glameow,49,55,42,42,37,85,310,5,39,62,4,1
432,432,purugly,71,82,64,64,59,112,452,10,438,158,4,1
433,433,chingling,45,30,50,65,50,45,285,2,6,57,4,1
434,434,stunky,63,63,47,41,41,74,329,4,192,66,4,1
435,435,skuntank,103,93,67,71,61,84,479,10,380,168,4,1
436,436,bronzor,57,24,86,24,86,23,300,5,605,60,4,1
437,437,bronzong,67,89,116,79,116,33,500,13,1870,175,4,1
438,438,bonsly,50,80,95,10,45,10,290,5,150,58,4,1
439,439,mime-jr,20,25,45,70,90,60,310,6,130,62,4,1
440,440,happiny,100,5,5,15,65,30,220,6,244,110,4,1
441,441,chatot,76,65,45,92,42,91,411,5,19,144,4,1
442,442,spiritomb,50,92,108,92,108,35,485,10,1080,170,4,1
443,443,gible,58,70,45,40,45,42,300,7,205,60,4,1
444,444,gabite,68,90,65,50,55,82,410,14,560,144,4,1
445,445,garchomp,108,130,95,80,85,102,600,19,950,270,4,1
446,446,munchlax,135,85,40,40,85,5,390,6,1050,78,4,1
447,447,riolu,40,70,40,35,40,60,285,7,202,57,4,1
448,448,lucario,70,110,70,115,70,90,525,12,540,184,4,1
449,449,hippopotas,68,72,78,38,42,32,330,8,495,66,4,1
450,450,hippowdon,108,112,118,68,72,47,525,20,3000,184,4,1
451,451,skorupi,40,50,90,30,55,65,330,8,120,66,4,1
452,452,drapion,70,90,110,60,75,95,500,13,615,175,4,1
453,453,croagunk,48,61,40,61,40,50,300,7,230,60,4,1
454,454,toxicroak,83,106,65,86,65,85,490,13,444,172,4,1
455,455,carnivine,74,100,72,90,72,46,454,14,270,159,4,1
456,456,finneon,49,49,56,49,61,66,330,4,70,66,4,1
457,457,lumineon,69,69,76,69,86,91,460,12,240,161,4,1
458,458,mantyke,45,20,50,60,120,50,345,10,650,69,4,1
459,459,snover,60,62,50,62,60,40,334,10,505,67,4,1
460,460,abomasnow,90,92,75,92,85,60,494,22,1355,173,4,1
461,461,weavile,70,120,65,45,85,125,510,11,340,179,4,1
462,462,magnezone,70,70,115,130,90,60,535,12,1800,241,4,1
463,463,lickilicky,110,85,95,80,95,50,515,17,1400,180,4,1
464,464,rhyperior,115,140,130,55,55,40,535,24,2828,241,4,1
465,465,tangrowth,100,100,125,110,50,50,535,20,1286,187,4,1
466,466,electivire,75,123,67,95,85,95,540,18,1386,243,4,1
467,467,magmortar,75,95,67,125,95,83,540,16,680,243,4,1
468,468,togekiss,85,50,95,120,115,80,545,15,380,245,4,1
469,469,yanmega,86,76,86,116,56,95,515,19,515,180,4,1
470,470,leafeon,65,110,130,60,65,95,525,10,255,184,4,1
471,471,glaceon,65,60,110,130,95,65,525,8,259,184,4,1
472,472,gliscor,75,95,125,45,75,95,510,20,425,179,4,1
473,473,mamoswine,110,130,80,70,60,80,530,25,2910,239,4,1
474,474,porygon-z,85,80,70,135,75,90,535,9,340,241,4,1
475,475,gallade,68,125,65,65,115,80,518,16,520,233,4,1
476,476,probopass,60,55,145,75,150,40,525,14,3400,184,4,1
477,477,dusknoir,45,100,135,65,135,45,525,22,1066,236,4,1
478,478,froslass,70,80,70,80,70,110,480,13,266,168,4,1
479,479,rotom,50,50,77,95,77,91,440,3,3,154,4,1
480,480,uxie,75,75,130,75,130,95,580,3,3,261,4,1
481,481,mesprit,80,105,105,105,105,80,580,3,3,261,4,1
482,482,azelf,75,125,70,125,70,115,580,3,3,261,4,1
483,483,dialga,100,120,120,150,100,90,680,54,6830,306,4,1
484,484,palkia,90,120,100,150,120,100,680,42,3360,306,4,1
485,485,heatran,91,90,106,130,106,77,600,17,4300,270,4,1
486,486,regigigas,110,160,110,80,110,100,670,37,4200,302,4,1
487,487,giratina-altered,150,100,120,100,120,90,680,45,7500,306,4,1
488,488,cresselia,120,70,120,75,130,85,600,15,856,270,4,1
489,489,phione,80,80,80,80,80,80,480,4,31,216,4,1
490,490,manaphy,100,100,100,100,100,100,600,3,14,270,4,1
491,491,darkrai,70,90,90,135,90,125,600,15,505,270,4,1
492,492,shaymin-land,100,100,100,100,100,100,600,2,21,270,4,1
493,493,arceus,120,120,120,120,120,120,720,32,3200,324,4,1
494,494,victini,100,100,100,100,100,100,600,4,40,270,5,1
495,495,snivy,45,45,55,45,55,63,308,6,81,62,5,1
496,496,servine,60,60,75,60,75,83,413,8,160,145,5,1
497,497,serperior,75,75,95,75,95,113,528,33,630,238,5,1
498,498,tepig,65,63,45,45,45,45,308,5,99,62,5,1
499,499,pignite,90,93,55,70,55,55,418,10,555,146,5,1
500,500,emboar,110,123,65,100,65,65,528,16,1500,238,5,1
501,501,oshawott,55,55,45,63,45,45,308,5,59,62,5,1
502,502,dewott,75,75,60,83,60,60,413,8,245,145,5,1
503,503,samurott,95,100,85,108,70,70,528,15,946,238,5,1
504,504,patrat,45,55,39,35,39,42,255,5,116,51,5,1
505,505,watchog,60,85,69,60,69,77,420,11,270,147,5,1
506,506,lillipup,45,60,45,25,45,55,275,4,41,55,5,1
507,507,herdier,65,80,65,35,65,60,370,9,147,130,5,1
508,508,stoutland,85,110,90,45,90,80,500,12,610,225,5,1
509,509,purrloin,41,50,37,50,37,66,281,4,101,56,5,1
510,510,liepard,64,88,50,88,50,106,446,11,375,156,5,1
511,511,pansage,50,53,48,53,48,64,316,6,105,63,5,1
512,512,simisage,75,98,63,98,63,101,498,11,305,174,5,1
513,513,pansear,50,53,48,53,48,64,316,6,110,63,5,1
514,514,simisear,75,98,63,98,63,101,498,10,280,174,5,1
515,515,panpour,50,53,48,53,48,64,316,6,135,63,5,1
516,516,simipour,75,98,63,98,63,101,498,10,290,174,5,1
517,517,munna,76,25,45,67,55,24,292,6,233,58,5,1
518,518,musharna,116,55,85,107,95,29,487,11,605,170,5,1
519,519,pidove,50,55,50,36,30,43,264,3,21,53,5,1
520,520,tranquill,62,77,62,50,42,65,358,6,150,125,5,1
521,521,unfezant,80,115,80,65,55,93,488,12,290,220,5,1
522,522,blitzle,45,60,32,50,32,76,295,8,298,59,5,1
523,523,zebstrika,75,100,63,80,63,116,497,16,795,174,5,1
524,524,roggenrola,55,75,85,25,25,15,280,4,180,56,5,1
525,525,boldore,70,105,105,50,40,20,390,9,1020,137,5,1
526,526,gigalith,85,135,130,60,80,25,515,17,2600,232,5,1
527,527,woobat,55,45,43,55,43,72,313,4,21,63,5,1
528,528,swoobat,67,57,55,77,55,114,425,9,105,149,5,1
529,529,drilbur,60,85,40,30,45,68,328,3,85,66,5,1
530,530,excadrill,110,135,60,50,65,88,508,7,404,178,5,1
531,531,audino,103,60,86,60,86,50,445,11,310,390,5,1
532,532,timburr,75,80,55,25,35,35,305,6,125,61,5,1
533,533,gurdurr,85,105,85,40,50,40,405,12,400,142,5,1
534,534,conkeldurr,105,140,95,55,65,45,505,14,870,227,5,1
535,535,tympole,50,50,40,50,40,64,294,5,45,59,5,1
536,536,palpitoad,75,65,55,65,55,69,384,8,170,134,5,1
537,537,seismitoad,105,95,75,85,75,74,509,15,620,229,5,1
538,538,throh,120,100,85,30,85,45,465,13,555,163,5,1
539,539,sawk,75,125,75,30,75,85,465,14,510,163,5,1
540,540,sewaddle,45,53,70,40,60,42,310,3,25,62,5,1
541,541,swadloon,55,63,90,50,80,42,380,5,73,133,5,1
542,542,leavanny,75,103,80,70,80,92,500,12,205,225,5,1
543,543,venipede,30,45,59,30,39,57,260,4,53,52,5,1
544,544,whirlipede,40,55,99,40,79,47,360,12,585,126,5,1
545,545,scolipede,60,100,89,55,69,112,485,25,2005,218,5,1
546,546,cottonee,40,27,60,37,50,66,280,3,6,56,5,1
547,547,whimsicott,60,67,85,77,75,116,480,7,66,168,5,1
548,548,petilil,45,35,50,70,50,30,280,5,66,56,5,1
549,549,lilligant,70,60,75,110,75,90,480,11,163,168,5,1
550,550,basculin-red-striped,70,92,65,80,55,98,460,10,180,161,5,1
551,551,sandile,50,72,35,35,35,65,292,7,152,58,5,1
552,552,krokorok,60,82,45,45,45,74,351,10,334,123,5,1
553,553,krookodile,95,117,80,65,70,92,519,15,963,234,5,1
554,554,darumaka,70,90,45,15,45,50,315,6,375,63,5,1
555,555,darmanitan-standard,105,140,55,30,55,95,480,13,929,168,5,1
556,556,maractus,75,86,67,106,67,60,461,10,280,161,5,1
557,557,dwebble,50,65,85,35,35,55,325,3,145,65,5,1
558,558,crustle,70,95,125,65,75,45,475,14,2000,166,5,1
559,559,scraggy,50,75,70,35,70,48,348,6,118,70,5,1
560,560,scrafty,65,90,115,45,115,58,488,11,300,171,5,1
561,561,sigilyph,72,58,80,103,80,97,490,14,140,172,5,1
562,562,yamask,38,30,85,55,65,30,303,5,15,61,5,1
563,563,cofagrigus,58,50,145,95,105,30,483,17,765,169,5,1
564,564,tirtouga,54,78,103,53,45,22,355,7,165,71,5,1
565,565,carracosta,74,108,133,83,65,32,495,12,810,173,5,1
566,566,archen,55,112,45,74,45,70,401,5,95,71,5,1
567,567,archeops,75,140,65,112,65,110,567,14,320,177,5,1
568,568,trubbish,50,50,62,40,62,65,329,6,310,66,5,1
569,569,garbodor,80,95,82,60,82,75,474,19,1073,166,5,1
570,570,zorua,40,65,40,80,40,65,330,7,125,66,5,1
571,571,zoroark,60,105,60,120,60,105,510,16,811,179,5,1
572,572,minccino,55,50,40,40,40,75,300,4,58,60,5,1
573,573,cinccino,75,95,60,65,60,115,470,5,75,165,5,1
574,574,gothita,45,30,50,55,65,45,290,4,58,58,5,1
575,575,gothorita,60,45,70,75,85,55,390,7,180,137,5,1
576,576,gothitelle,70,55,95,95,110,65,490,15,440,221,5,1
577,577,solosis,45,30,40,105,50,20,290,3,10,58,5,1
578,578,duosion,65,40,50,125,60,30,370,6,80,130,5,1
579,579,reuniclus,110,65,75,125,85,30,490,10,201,221,5,1
580,580,ducklett,62,44,50,44,50,55,305,5,55,61,5,1
581,581,swanna,75,87,63,87,63,98,473,13,242,166,5,1
582,582,vanillite,36,50,50,65,60,44,305,4,57,61,5,1
583,583,vanillish,51,65,65,80,75,59,395,11,410,138,5,1
584,584,vanilluxe,71,95,85,110,95,79,535,13,575,241,5,1
585,585,deerling,60,60,50,40,50,75,335,6,195,67,5,1
586,586,sawsbuck,80,100,70,60,70,95,475,19,925,166,5,1
587,587,emolga,55,75,60,75,60,103,428,4,50,150,5,1
588,588,karrablast,50,75,45,40,45,60,315,5,59,63,5,1
589,589,escavalier,70,135,105,60,105,20,495,10,330,173,5,1
590,590,foongus,69,55,45,55,55,15,294,2,10,59,5,1
591,591,amoonguss,114,85,70,85,80,30,464,6,105,162,5,1
592,592,frillish,55,40,50,65,85,40,335,12,330,67,5,1
593,593,jellicent,100,60,70,85,105,60,480,22,1350,168,5,1
594,594,alomomola,165,75,80,40,45,65,470,12,316,165,5,1
595,595,joltik,50,47,50,57,50,65,319,1,6,64,5,1
596,596,galvantula,70,77,60,97,60,108,472,8,143,165,5,1
597,597,ferroseed,44,50,91,24,86,10,305,6,188,61,5,1
598,598,ferrothorn,74,94,131,54,116,20,489,10,1100,171,5,1
599,599,klink,40,55,70,45,60,30,300,3,210,60,5,1
600,600,klang,60,80,95,70,85,50,440,6,510,154,5,1
601,601,klinklang,60,100,115,70,85,90,520,6,810,234,5,1
602,602,tynamo,35,55,40,45,40,60,275,2,3,55,5,1
603,603,eelektrik,65,85,70,75,70,40,405,12,220,142,5,1
604,604,eelektross,85,115,80,105,80,50,515,21,805,232,5,1
605,605,elgyem,55,55,55,85,55,30,335,5,90,67,5,1
606,606,beheeyem,75,75,75,125,95,40,485,10,345,170,5,1
607,607,litwick,50,30,55,65,55,20,275,3,31,55,5,1
608,608,lampent,60,40,60,95,60,55,370,6,130,130,5,1
609,609,chandelure,60,55,90,145,90,80,520,10,343,234,5,1
610,610,axew,46,87,60,30,40,57,320,6,180,64,5,1
611,611,fraxure,66,117,70,40,50,67,410,10,360,144,5,1
612,612,haxorus,76,147,90,60,70,97,540,18,1055,243,5,1
613,613,cubchoo,55,70,40,60,40,40,305,5,85,61,5,1
614,614,beartic,95,110,80,70,80,50,485,26,2600,170,5,1
615,615,cryogonal,70,50,30,95,135,105,485,11,1480,170,5,1
616,616,shelmet,50,40,85,40,65,25,305,4,77,61,5,1
617,617,accelgor,80,70,40,100,60,145,495,8,253,173,5,1
618,618,stunfisk,109,66,84,81,99,32,471,7,110,165,5,1
619,619,mienfoo,45,85,50,55,50,65,350,9,200,70,5,1
620,620,mienshao,65,125,60,95,60,105,510,14,355,179,5,1
621,621,druddigon,77,120,90,60,90,48,485,16,1390,170,5,1
622,622,golett,59,74,50,35,50,35,303,10,920,61,5,1
623,623,golurk,89,124,80,55,80,55,483,28,3300,169,5,1
624,624,pawniard,45,85,70,40,40,60,340,5,102,68,5,1
625,625,bisharp,65,125,100,60,70,70,490,16,700,172,5,1
626,626,bouffalant,95,110,95,40,95,55,490,16,946,172,5,1
627,627,rufflet,70,83,50,37,50,60,350,5,105,70,5,1
628,628,braviary,100,123,75,57,75,80,510,15,410,179,5,1
629,629,vullaby,70,55,75,45,65,60,370,5,90,74,5,1
630,630,mandibuzz,110,65,105,55,95,80,510,12,395,179,5,1
631,631,heatmor,85,97,66,105,66,65,484,14,580,169,5,1
632,632,durant,58,109,112,48,48,109,484,3,330,169,5,1
633,633,deino,52,65,50,45,50,38,300,8,173,60,5,1
634,634,zweilous,72,85,70,65,70,58,420,14,500,147,5,1
635,635,hydreigon,92,105,90,125,90,98,600,18,1600,270,5,1
636,636,larvesta,55,85,55,50,55,60,360,11,288,72,5,1
637,637,volcarona,85,60,65,135,105,100,550,16,460,248,5,1
638,638,cobalion,91,90,129,90,72,108,580,21,2500,261,5,1
639,639,terrakion,91,129,90,72,90,108,580,19,2600,261,5,1
640,640,virizion,91,90,72,90,129,108,580,20,2000,261,5,1
641,641,tornadus-incarnate,79,115,70,125,80,111,580,15,630,261,5,1
642,642,thundurus-incarnate,79,115,70,125,80,111,580,15,610,261,5,1
643,643,reshiram,100,120,100,150,120,90,680,32,3300,306,5,1
644,644,zekrom,100,150,120,120,100,90,680,29,3450,306,5,1
645,645,landorus-incarnate,89,125,90,115,80,101,600,15,680,270,5,1
646,646,kyurem,125,130,90,130,90,95,660,30,3250,297,5,1
647,647,keldeo-ordinary,91,72,90,129,90,108,580,14,485,261,5,1
648,648,meloetta-aria,100,77,77,128,128,90,600,6,65,270,5,1
649,649,genesect,71,120,95,120,95,99,600,15,825,270,5,1
650,650,chespin,56,61,65,48,45,38,313,4,90,63,6,1
651,651,quilladin,61,78,95,56,58,57,405,7,290,142,6,1
652,652,chesnaught,88,107,122,74,75,64,530,16,900,239,6,1
653,653,fennekin,40,45,40,62,60,60,307,4,94,61,6,1
654,654,braixen,59,59,58,90,70,73,409,10,145,143,6,1
655,655,delphox,75,69,72,114,100,104,534,15,390,240,6,1
656,656,froakie,41,56,40,62,44,71,314,3,70,63,6,1
657,657,frogadier,54,63,52,83,56,97,405,6,109,142,6,1
658,658,greninja,72,95,67,103,71,122,530,15,400,239,6,1
659,659,bunnelby,38,36,38,32,36,57,237,4,50,47,6,1
660,660,diggersby,85,56,77,50,77,78,423,10,424,148,6,1
661,661,fletchling,45,50,43,40,38,62,278,3,17,56,6,1
662,662,fletchinder,62,73,55,56,52,84,382,7,160,134,6,1
663,663,talonflame,78,81,71,74,69,126,499,12,245,175,6,1
664,664,scatterbug,38,35,40,27,25,35,200,3,25,40,6,1
665,665,spewpa,45,22,60,27,30,29,213,3,84,75,6,1
666,666,vivillon,80,52,50,90,50,89,411,12,170,185,6,1
667,667,litleo,62,50,58,73,54,72,369,6,135,74,6,1
668,668,pyroar,86,68,72,109,66,106,507,15,815,177,6,1
669,669,flabebe,44,38,39,61,79,42,303,1,1,61,6,1
670,670,floette,54,45,47,75,98,52,371,2,9,130,6,1
671,671,florges,78,65,68,112,154,75,552,11,100,248,6,1
672,672,skiddo,66,65,48,62,57,52,350,9,310,70,6,1
673,673,gogoat,123,100,62,97,81,68,531,17,910,186,6,1
674,674,pancham,67,82,62,46,48,43,348,6,80,70,6,1
675,675,pangoro,95,124,78,69,71,58,495,21,1360,173,6,1
676,676,furfrou,75,80,60,65,90,102,472,12,280,165,6,1
677,677,espurr,62,48,54,63,60,68,355,3,35,71,6,1
678,678,meowstic-male,74,48,76,83,81,104,466,6,85,163,6,1
679,679,honedge,45,80,100,35,37,28,325,8,20,65,6,1
680,680,doublade,59,110,150,45,49,35,448,8,45,157,6,1
681,681,aegislash-shield,60,50,150,50,150,60,520,17,530,234,6,1
682,682,spritzee,78,52,60,63,65,23,341,2,5,68,6,1
683,683,aromatisse,101,72,72,99,89,29,462,8,155,162,6,1
684,684,swirlix,62,48,66,59,57,49,341,4,35,68,6,1
685,685,slurpuff,82,80,86,85,75,72,480,8,50,168,6,1
686,686,inkay,53,54,53,37,46,45,288,4,35,58,6,1
687,687,malamar,86,92,88,68,75,73,482,15,470,169,6,1
688,688,binacle,42,52,67,39,56,50,306,5,310,61,6,1
689,689,barbaracle,72,105,115,54,86,68,500,13,960,175,6,1
690,690,skrelp,50,60,60,60,60,30,320,5,73,64,6,1
691,691,dragalge,65,75,90,97,123,44,494,18,815,173,6,1
692,692,clauncher,50,53,62,58,63,44,330,5,83,66,6,1
693,693,clawitzer,71,73,88,120,89,59,500,13,353,100,6,1
694,694,helioptile,44,38,33,61,43,70,289,5,60,58,6,1
695,695,heliolisk,62,55,52,109,94,109,481,10,210,168,6,1
696,696,tyrunt,58,89,77,45,45,48,362,8,260,72,6,1
697,697,tyrantrum,82,121,119,69,59,71,521,25,2700,182,6,1
698,698,amaura,77,59,50,67,63,46,362,13,252,72,6,1
699,699,aurorus,123,77,72,99,92,58,521,27,2250,104,6,1
700,700,sylveon,95,65,65,110,130,60,525,10,235,184,6,1
701,701,hawlucha,78,92,75,74,63,118,500,8,215,175,6,1
702,702,dedenne,67,58,57,81,67,101,431,2,22,151,6,1
703,703,carbink,50,50,150,50,150,50,500,3,57,100,6,1
704,704,goomy,45,50,35,55,75,40,300,3,28,60,6,1
705,705,sliggoo,68,75,53,83,113,60,452,8,175,158,6,1
706,706,goodra,90,100,70,110,150,80,600,20,1505,270,6,1
707,707,klefki,57,80,91,80,87,75,470,2,30,165,6,1
708,708,phantump,43,70,48,50,60,38,309,4,70,62,6,1
709,709,trevenant,85,110,76,65,82,56,474,15,710,166,6,1
710,710,pumpkaboo-average,49,66,70,44,55,51,335,4,50,67,6,1
711,711,gourgeist-average,65,90,122,58,75,84,494,9,125,173,6,1
712,712,bergmite,55,69,85,32,35,28,304,10,995,61,6,1
713,713,avalugg,95,117,184,44,46,28,514,20,5050,180,6,1
714,714,noibat,40,30,35,45,40,55,245,5,80,49,6,1
715,715,noivern,85,70,80,97,80,123,535,15,850,187,6,1
716,716,xerneas,126,131,95,131,98,99,680,30,2150,306,6,1
717,717,yveltal,126,131,95,131,98,99,680,58,2030,306,6,1
718,718,zygarde,108,100,121,81,95,95,600,50,3050,270,6,1
719,719,diancie,50,100,150,100,150,50,600,7,88,270,6,1
720,720,hoopa,80,110,60,150,130,70,600,5,90,270,6,1
721,721,volcanion,80,110,120,130,90,70,600,17,1950,270,6,1
722,722,rowlet,68,55,55,50,50,42,320,3,15,64,7,1
723,723,dartrix,78,75,75,70,70,52,420,7,160,147,7,1
724,724,decidueye,78,107,75,100,100,70,530,16,366,239,7,1
725,725,litten,45,65,40,60,40,70,320,4,43,64,7,1
726,726,torracat,65,85,50,80,50,90,420,7,250,147,7,1
727,727,incineroar,95,115,90,80,90,60,530,18,830,239,7,1
728,728,popplio,50,54,54,66,56,40,320,4,75,64,7,1
729,729,brionne,60,69,69,91,81,50,420,6,175,147,7,1
730,730,primarina,80,74,74,126,116,60,530,18,440,239,7,1
731,731,pikipek,35,75,30,30,30,65,265,3,12,53,7,1
732,732,trumbeak,55,85,50,40,50,75,355,6,148,124,7,1
733,733,toucannon,80,120,75,75,75,60,485,11,260,218,7,1
734,734,yungoos,48,70,30,30,30,45,253,4,60,51,7,1
735,735,gumshoos,88,110,60,55,60,45,418,7,142,146,7,1
736,736,grubbin,47,62,45,55,45,46,300,4,44,60,7,1
737,737,charjabug,57,82,95,55,75,36,400,5,105,140,7,1
738,738,vikavolt,77,70,90,145,75,43,500,15,450,225,7,1
739,739,crabrawler,47,82,57,42,47,63,338,6,70,68,7,1
740,740,crabominable,97,132,77,62,67,43,478,17,1800,167,7,1
741,741,oricorio-baile,75,70,70,98,70,93,476,6,34,167,7,1
742,742,cutiefly,40,45,40,55,40,84,304,1,2,61,7,1
743,743,ribombee,60,55,60,95,70,124,464,2,5,162,7,1
744,744,rockruff,45,65,40,30,40,60,280,5,92,56,7,1
745,745,lycanrock-day,75,115,65,55,65,112,487,8,250,170,7,1
746,746,wishiwashi-solo,45,20,20,25,25,40,175,2,3,61,7,1
747,747,mareanie,50,53,62,43,52,45,305,4,80,61,7,1
748,748,toxapex,50,63,152,53,142,35,495,7,145,173,7,1
749,749,mudbray,70,100,70,45,55,45,385,10,1100,77,7,1
750,750,mudsdale,100,125,100,55,85,35,500,25,9200,175,7,1
751,751,dewpider,38,40,52,40,72,27,269,3,40,54,7,1
752,752,araquanid,68,70,92,50,132,42,454,18,820,159,7,1
753,753,fomantis,40,55,35,50,35,35,250,3,15,50,7,1
754,754,lurantis,70,105,90,80,90,45,480,9,185,168,7,1
755,755,morelull,40,35,55,65,75,15,285,2,15,57,7,1
756,756,shiinotic,60,45,80,90,100,30,405,10,115,142,7,1
757,757,salandit,48,44,40,71,40,77,320,6,48,64,7,1
758,758,salazzle,68,64,60,111,60,117,480,12,222,168,7,1
759,759,stufful,70,75,50,45,50,50,340,5,68,68,7,1
760,760,bewear,120,125,80,55,60,60,500,21,1350,175,7,1
761,761,bounsweet,42,30,38,30,38,32,210,3,32,42,7,1
762,762,steenee,52,40,48,40,48,62,290,7,82,102,7,1
763,763,tsareena,72,120,98,50,98,72,510,12,214,230,7,1
764,764,comfey,51,52,90,82,110,100,485,1,3,170,7,1
765,765,oranguru,90,60,80,90,110,60,490,15,760,172,7,1
766,766,passimian,100,120,90,40,60,80,490,20,828,172,7,1
767,767,wimpod,25,35,40,20,30,80,230,5,120,46,7,1
768,768,golisopod,75,125,140,60,90,40,530,20,1080,186,7,1
769,769,sandygast,55,55,80,70,45,15,320,5,700,64,7,1
770,770,palossand,85,75,110,100,75,35,480,13,2500,168,7,1
771,771,pyukumuku,55,60,130,30,130,5,410,3,12,144,7,1
772,772,type: null,95,95,95,95,95,59,534,19,1205,107,7,1
773,773,silvally,95,95,95,95,95,95,570,23,1005,114,7,1
774,774,minior-meteor,60,60,100,60,100,60,440,3,400,154,7,1
775,775,komala,65,115,65,75,95,65,480,4,199,168,7,1
776,776,turtonator,60,78,135,91,85,36,485,20,2120,170,7,1
777,777,togedemaru,65,98,63,40,73,96,435,3,33,152,7,1
778,778,mimikyu,55,90,80,50,105,96,476,2,7,167,7,1
779,779,bruxish,68,105,70,70,70,92,475,9,190,166,7,1
780,780,drampa,78,60,85,135,91,36,485,30,1850,170,7,1
781,781,dhelmise,70,131,100,86,90,40,517,39,2100,181,7,1
782,782,jangmo-o,45,55,65,45,45,45,300,6,297,60,7,1
783,783,hakamo-o,55,75,90,65,70,65,420,12,470,147,7,1
784,784,kommo-o,75,110,125,100,105,85,600,16,782,270,7,1
785,785,tapu koko,70,115,85,95,75,130,570,18,205,114,7,1
786,786,tapu lele,70,85,75,130,115,95,570,12,186,114,7,1
787,787,tapu bulu,70,130,115,85,95,75,570,19,455,114,7,1
788,788,tapu fini,70,75,115,95,130,85,570,13,212,114,7,1
789,789,cosmog,43,29,31,29,31,37,200,2,1,40,7,1
790,790,cosmoem,43,29,131,29,131,37,400,1,9999,80,7,1
791,791,solgaleo,137,137,107,113,89,97,680,34,2300,136,7,1
792,792,lunala,137,113,89,137,107,97,680,40,1200,136,7,1
793,793,nihilego,109,53,47,127,131,103,570,12,555,114,7,1
794,794,buzzwole,107,139,139,53,53,79,570,24,3336,114,7,1
795,795,pheromosa,71,137,37,137,37,151,570,18,250,114,7,1
796,796,xurkitree,83,89,71,173,71,83,570,38,1000,114,7,1
797,797,celesteela,97,101,103,107,101,61,570,92,9999,114,7,1
798,798,kartana,59,181,131,59,31,109,570,3,1,114,7,1
799,799,guzzlord,223,101,53,97,53,43,570,55,8800,114,7,1
800,800,necrozma,97,107,101,127,89,79,600,24,2300,120,7,1
801,801,magearna,80,95,115,130,115,65,600,10,805,120,7,1
802,802,marshadow,90,125,80,90,90,125,600,7,222,120,7,1
10001,386,deoxys-attack,50,180,20,180,20,150,600,17,608,270,3,0
10002,386,deoxys-defense,50,70,160,70,160,90,600,17,608,270,3,0
10003,386,deoxys-speed,50,95,90,95,90,180,600,17,608,270,3,0
10004,413,wormadam-sandy,60,79,105,59,85,36,424,5,65,148,4,0
10005,413,wormadam-trash,60,69,95,69,95,36,424,5,65,148,4,0
10006,492,shaymin-sky,100,103,75,120,75,127,600,4,52,270,4,0
10007,487,giratina-origin,150,120,100,120,100,90,680,69,6500,306,4,0
10008,479,rotom-heat,50,65,107,105,107,86,520,3,3,182,5,0
10009,479,rotom-wash,50,65,107,105,107,86,520,3,3,182,5,0
10010,479,rotom-frost,50,65,107,105,107,86,520,3,3,182,5,0
10011,479,rotom-fan,50,65,107,105,107,86,520,3,3,182,5,0
10012,479,rotom-mow,50,65,107,105,107,86,520,3,3,182,5,0
10013,351,castform-sunny,70,70,70,70,70,70,420,3,8,147,3,0
10014,351,castform-rainy,70,70,70,70,70,70,420,3,8,147,3,0
10015,351,castform-snowy,70,70,70,70,70,70,420,3,8,147,3,0
10016,550,basculin-blue-striped,70,92,65,80,55,98,460,10,180,161,5,0
10017,555,darmanitan-zen,105,30,105,140,105,55,540,13,929,189,5,0
10018,648,meloetta-pirouette,100,128,90,77,77,128,600,6,65,270,5,0
10019,641,tornadus-therian,79,100,80,110,90,121,580,14,630,261,5,0
10020,642,thundurus-therian,79,105,70,145,80,101,580,30,610,261,5,0
10021,645,landorus-therian,89,145,90,105,80,91,600,13,680,270,5,0
10022,646,kyurem-black,125,170,100,120,90,95,700,33,3250,315,5,0
10023,646,kyurem-white,125,120,90,170,100,95,700,36,3250,315,5,0
10024,647,keldeo-resolute,91,72,90,129,90,108,580,14,485,261,5,0
10025,678,meowstic-female,74,48,76,83,81,104,466,6,85,163,6,0
10026,681,aegislash-blade,60,150,50,150,50,60,520,17,530,234,6,0
10027,710,pumpkaboo-small,44,66,70,44,55,56,335,3,35,67,6,0
10028,710,pumpkaboo-large,54,66,70,44,55,46,335,5,75,67,6,0
10029,710,pumpkaboo-super,59,66,70,44,55,41,335,8,150,67,6,0
10030,711,gourgeist-small,55,85,122,58,75,99,494,7,95,173,6,0
10031,711,gourgeist-large,75,95,122,58,75,69,494,11,140,173,6,0
10032,711,gourgeist-super,85,100,122,58,75,54,494,17,390,173,6,0
10033,3,venusaur-mega,80,100,123,122,120,80,625,24,1555,281,6,0
10034,6,charizard-mega-x,78,130,111,130,85,100,634,17,1105,285,6,0
10035,6,charizard-mega-y,78,104,78,159,115,100,634,17,1005,285,6,0
10036,9,blastoise-mega,79,103,120,135,115,78,630,16,1011,284,6,0
10037,65,alakazam-mega,55,50,65,175,95,150,590,12,480,266,6,0
10038,94,gengar-mega,60,65,80,170,95,130,600,14,405,270,6,0
10039,115,kangaskhan-mega,105,125,100,60,100,100,590,22,1000,207,6,0
10040,127,pinsir-mega,65,155,120,65,90,105,600,17,590,210,6,0
10041,130,gyarados-mega,95,155,109,70,130,81,640,65,3050,224,6,0
10042,142,aerodactyl-mega,80,135,85,70,95,150,615,21,790,215,6,0
10043,150,mewtwo-mega-x,106,190,100,154,100,130,780,23,1270,351,6,0
10044,150,mewtwo-mega-y,106,150,70,194,120,140,780,15,330,351,6,0
10045,181,ampharos-mega,90,95,105,165,110,45,610,14,615,275,6,0
10046,212,scizor-mega,70,150,140,65,100,75,600,20,1250,210,6,0
10047,214,heracross-mega,80,185,115,40,105,75,600,17,625,210,6,0
10048,229,houndoom-mega,75,90,90,140,90,115,600,19,495,210,6,0
10049,248,tyranitar-mega,100,164,150,95,120,71,700,25,2550,315,6,0
10050,257,blaziken-mega,80,160,80,130,80,100,630,19,520,284,6,0
10051,282,gardevoir-mega,68,85,65,165,135,100,618,16,484,278,6,0
10052,303,mawile-mega,50,105,125,55,95,50,480,10,235,168,6,0
10053,306,aggron-mega,70,140,230,60,80,50,630,22,3950,284,6,0
10054,308,medicham-mega,60,100,85,80,85,100,510,13,315,179,6,0
10055,310,manectric-mega,70,75,80,135,80,135,575,18,440,201,6,0
10056,354,banette-mega,64,165,75,93,83,75,555,12,130,194,6,0
10057,359,absol-mega,65,150,60,115,60,115,565,12,490,198,6,0
10058,445,garchomp-mega,108,170,115,120,95,92,700,19,950,315,6,0
10059,448,lucario-mega,70,145,88,140,70,112,625,13,575,219,6,0
10060,460,abomasnow-mega,90,132,105,132,105,30,594,27,1850,208,6,0
10061,670,floette-eternal,74,65,67,125,128,92,551,2,9,243,6,0
10062,380,latias-mega,80,100,120,140,150,110,700,18,520,315,6,0
10063,381,latios-mega,80,130,100,160,120,110,700,23,700,315,6,0
10064,260,swampert-mega,100,150,110,95,110,70,635,19,1020,286,6,0
10065,254,sceptile-mega,70,110,75,145,85,145,630,19,552,284,6,0
10066,302,sableye-mega,50,85,125,85,115,20,480,5,1610,168,6,0
10067,334,altaria-mega,75,110,110,110,105,80,590,15,206,207,6,0
10068,475,gallade-mega,68,165,95,65,115,110,618,16,564,278,6,0
10069,531,audino-mega,103,60,126,80,126,50,545,15,320,425,6,0
10070,319,sharpedo-mega,70,140,70,110,65,105,560,25,1303,196,6,0
10071,80,slowbro-mega,95,75,180,130,80,30,590,20,1200,207,6,0
10072,208,steelix-mega,75,125,230,55,95,30,610,105,7400,214,6,0
10073,18,pidgeot-mega,83,80,80,135,80,121,579,22,505,261,6,0
10074,362,glalie-mega,80,120,80,120,80,100,580,21,3502,203,6,0
10075,719,diancie-mega,50,160,110,160,110,110,700,11,278,315,6,0
10076,376,metagross-mega,80,145,150,105,110,110,700,25,9429,315,6,0
10077,382,kyogre-primal,100,150,90,180,160,90,770,98,4300,347,6,0
10078,383,groudon-primal,100,180,160,150,90,90,770,50,9997,347,6,0
10079,384,rayquaza-mega,105,180,100,180,100,115,780,108,3920,351,6,0
10080,25,pikachu-rock-star,35,55,40,50,50,90,320,40,60,112,6,0
10081,25,pikachu-belle,35,55,40,50,50,90,320,40,60,112,6,0
10082,25,pikachu-pop-star,35,55,40,50,50,90,320,40,60,112,6,0
10083,25,pikachu-phd,35,55,40,50,50,90,320,40,60,112,6,0
10084,25,pikachu-libre,35,55,40,50,50,90,320,40,60,112,6,0
10085,25,pikachu-cosplay,35,55,40,50,50,90,320,40,60,112,6,0
10086,720,hoopa-unbound,80,160,60,170,130,80,680,65,4900,306,6,0
10087,323,camerupt-mega,70,120,100,145,105,20,560,25,3205,196,6,0
10088,428,lopunny-mega,65,136,94,54,96,135,580,13,283,203,6,0
10089,373,salamence-mega,95,145,130,120,90,120,700,18,1126,315,6,0
10090,15,beedrill-mega,65,150,40,15,80,145,495,14,405,223,6,0
10091,741,oricorio-pom-pom,75,70,70,98,70,93,476,6,34,167,7,0
10092,741,oricorio-pa''u,75,70,70,98,70,93,476,6,34,167,7,0
10093,741,oricorio-sensu,75,70,70,98,70,93,476,6,34,167,7,0
10094,745,lycanrock-night,85,115,75,55,75,82,487,11,250,170,7,0
10095,746,wishiwashi-school,45,140,130,140,135,30,620,82,786,61,7,0
10096,774,minior-core,60,100,60,100,60,120,500,3,3,154,7,0
10097,19,rattata-alola,30,56,35,25,35,72,253,3,38,51,7,0
10098,20,raticate-alola,75,71,70,40,80,77,413,7,255,145,7,0
10099,26,raichu-alola,60,85,50,95,85,110,485,7,210,218,7,0
10100,27,sandshrew-alola,50,75,90,10,35,40,300,7,400,60,7,0
10101,28,sandslash-alola,75,100,120,25,65,65,450,12,550,158,7,0
10102,37,vulpix-alola,38,41,40,50,65,65,299,6,99,60,7,0
10103,38,ninetails-alola,75,67,75,81,100,109,505,11,199,177,7,0
10104,50,diglet-alola,10,55,30,35,45,90,265,2,10,53,7,0
10105,51,dugtrio-alola,35,100,60,50,70,110,425,7,666,149,7,0
10106,52,meowth-alola,40,35,35,50,40,90,290,4,42,58,7,0
10107,53,persion-alola,65,60,60,75,65,115,440,11,330,154,7,0
10108,74,geodude-alola,40,80,100,30,30,20,300,4,203,60,7,0
10109,75,graveler-alola,55,95,115,45,45,35,390,10,1100,137,7,0
10110,76,golem-alola,80,120,130,55,65,45,495,17,3160,223,7,0
10111,88,grimer-alola,80,80,50,40,50,25,325,7,420,65,7,0
10112,89,muk-alola,105,105,75,65,100,50,500,10,520,175,7,0
10113,103,exeggutor-alola,95,105,85,125,75,45,530,109,4156,186,7,0
10114,105,marowak-alola,60,80,110,50,80,45,425,10,340,149,7,0
10115,718,zygarde-10%,54,100,71,61,85,115,486,12,335,270,7,0
10116,718,zygarde-complete,216,100,121,91,95,85,708,45,6100,270,7,0
10117,658,greninja-ash,72,145,67,153,71,132,640,15,400,239,7,0
10118,493,arceus-bug,120,120,120,120,120,120,720,32,3200,324,7,0
10119,493,arceus-dark,120,120,120,120,120,120,720,32,3200,324,7,0
10120,493,arceus-dragon,120,120,120,120,120,120,720,32,3200,324,7,0
10121,493,arceus-electric,120,120,120,120,120,120,720,32,3200,324,7,0
10122,493,arceus-fairy,120,120,120,120,120,120,720,32,3200,324,7,0
10123,493,arceus-fighting,120,120,120,120,120,120,720,32,3200,324,7,0
10124,493,arceus-fire,120,120,120,120,120,120,720,32,3200,324,7,0
10125,493,arceus-flying,120,120,120,120,120,120,720,32,3200,324,7,0
10126,493,arceus-ghost,120,120,120,120,120,120,720,32,3200,324,7,0
10127,493,arceus-grass,120,120,120,120,120,120,720,32,3200,324,7,0
10128,493,arceus-ground,120,120,120,120,120,120,720,32,3200,324,7,0
10129,493,arceus-ice,120,120,120,120,120,120,720,32,3200,324,7,0
10130,493,arceus-poison,120,120,120,120,120,120,720,32,3200,324,7,0
10131,493,arceus-psychic,120,120,120,120,120,120,720,32,3200,324,7,0
10132,493,arceus-rock,120,120,120,120,120,120,720,32,3200,324,7,0
10133,493,arceus-steel,120,120,120,120,120,120,720,32,3200,324,7,0
10134,493,arceus-water,120,120,120,120,120,120,720,32,3200,324,7,0
10135,773,silvally-bug,95,95,95,95,95,95,720,23,1005,114,7,0
10136,773,silvally-dark,95,95,95,95,95,95,720,23,1005,114,7,0
10137,773,silvally-dragon,95,95,95,95,95,95,720,23,1005,114,7,0
10138,773,silvally-electric,95,95,95,95,95,95,720,23,1005,114,7,0
10139,773,silvally-fairy,95,95,95,95,95,95,720,23,1005,114,7,0
10140,773,silvally-fighting,95,95,95,95,95,95,720,23,1005,114,7,0
10141,773,silvally-fire,95,95,95,95,95,95,720,23,1005,114,7,0
10142,773,silvally-flying,95,95,95,95,95,95,720,23,1005,114,7,0
10143,773,silvally-ghost,95,95,95,95,95,95,720,23,1005,114,7,0
10144,773,silvally-grass,95,95,95,95,95,95,720,23,1005,114,7,0
10145,773,silvally-ground,95,95,95,95,95,95,720,23,1005,114,7,0
10146,773,silvally-ice,95,95,95,95,95,95,720,23,1005,114,7,0
10147,773,silvally-poison,95,95,95,95,95,95,720,23,1005,114,7,0
10148,773,silvally-psychic,95,95,95,95,95,95,720,23,1005,114,7,0
10149,773,silvally-rock,95,95,95,95,95,95,720,23,1005,114,7,0
10150,773,silvally-steel,95,95,95,95,95,95,720,23,1005,114,7,0
10151,773,silvally-water,95,95,95,95,95,95,720,23,1005,114,7,0