pk,pokemon,tier
1,63,1
2,65,2
3,64,2
4,359,3
5,142,4
6,190,5
7,347,1
8,348,2
9,306,3
10,304,1
11,305,5
12,144,2
13,371,1
14,373,4
15,372,5
16,343,1
17,344,4
18,339,1
19,340,5
20,374,1
21,376,4
22,375,5
23,69,1
24,71,3
25,70,5
26,1,1
27,2,7
28,3,2
29,331,1
30,332,5
31,318,1
32,319,3
33,351,5
34,12,5
35,10,1
36,11,7
37,251,4
38,242,4
39,113,2
40,6,2
41,4,1
42,5,5
43,153,7
44,152,1
45,154,3
46,358,5
47,170,1
48,171,3
49,366,5
50,368,3
51,367,5
52,36,3
53,35,7
54,173,1
55,341,1
56,342,5
57,222,5
58,104,1
59,105,2
60,155,1
61,156,5
62,157,2
63,225,5
64,386,6
65,10001,6
66,10002,6
67,10003,6
68,50,1
69,51,4
70,132,5
71,85,2
72,84,1
73,148,5
74,149,2
75,147,1
76,96,1
77,97,3
78,206,5
79,356,2
80,355,1
81,133,1
82,196,2
83,136,5
84,135,4
85,197,2
86,134,2
87,24,5
88,23,1
89,125,3
90,239,1
91,309,1
92,310,3
93,244,2
94,102,1
95,103,2
96,83,5
97,349,1
98,350,4
99,92,1
100,94,4
101,93,5
102,74,1
103,76,3
104,75,5
105,203,3
106,207,3
107,118,1
108,119,5
109,88,1
110,89,3
111,383,6
112,59,2
113,58,1
114,316,1
115,317,5
116,214,4
117,107,5
118,106,3
119,237,3
120,236,1
121,250,6
122,163,1
123,164,5
124,187,1
125,189,2
126,188,7
127,116,1
128,230,2
129,117,5
130,229,2
131,228,1
132,314,5
133,174,1
134,39,7
135,40,5
136,385,4
137,124,2
138,238,1
139,140,1
140,141,3
141,115,3
142,352,5
143,109,1
144,110,2
145,99,5
146,98,1
147,382,6
148,131,2
149,246,1
150,247,5
151,248,4
152,380,6
153,381,6
154,166,5
155,165,1
156,108,5
157,346,3
158,345,1
159,271,7
160,270,1
161,272,2
162,249,6
163,337,3
164,370,5
165,68,2
166,67,5
167,66,1
168,130,4
169,129,1
170,240,5
171,126,3
172,81,1
173,82,4
174,297,2
175,296,1
176,56,1
177,57,3
178,226,3
179,181,3
180,180,7
181,179,1
182,184,3
183,298,1
184,183,7
185,303,5
186,308,2
187,307,7
188,52,1
189,53,3
190,150,6
191,151,6
192,241,2
193,122,3
194,312,5
195,200,3
196,146,2
197,259,7
198,258,1
199,260,4
200,198,5
201,177,1
202,178,3
203,31,3
204,29,1
205,30,7
206,34,3
207,32,1
208,33,7
209,290,1
210,291,2
211,292,5
212,299,5
213,323,3
214,322,1
215,182,5
216,44,7
217,43,1
218,45,3
219,138,7
220,139,3
221,95,1
222,208,2
223,46,1
224,47,5
225,232,2
226,231,1
227,18,5
228,17,7
229,16,1
230,172,1
231,25,5
232,26,3
233,205,4
234,204,1
235,127,3
236,311,5
237,186,3
238,60,1
239,61,5
240,62,3
241,77,1
242,78,3
243,262,5
244,261,1
245,137,1
246,233,4
247,55,3
248,54,1
249,211,3
250,243,4
251,282,2
252,281,7
253,280,1
254,20,5
255,19,1
256,384,6
257,378,4
258,377,2
259,379,2
260,369,5
261,224,5
262,223,1
263,112,2
264,111,1
265,315,5
266,302,5
267,27,1
268,28,3
269,212,2
270,123,3
271,274,7
272,273,1
273,275,3
274,87,5
275,86,1
276,162,5
277,161,1
278,336,5
279,91,4
280,90,1
281,286,2
282,285,1
283,213,5
284,354,3
285,353,1
286,227,4
287,301,5
288,300,1
289,289,2
290,287,1
291,288,5
292,80,2
293,199,3
294,79,1
295,219,5
296,218,1
297,235,2
298,215,3
299,143,4
300,362,5
301,361,1
302,210,3
303,209,1
304,338,3
305,22,3
306,21,1
307,364,5
308,363,1
309,365,3
310,168,5
311,167,1
312,327,5
313,326,3
314,325,1
315,9,3
316,7,1
317,8,5
318,234,3
319,121,4
320,120,1
321,185,5
322,245,4
323,192,5
324,191,1
325,284,5
326,283,1
327,334,3
328,333,1
329,221,5
330,220,1
331,277,2
332,276,1
333,114,5
334,128,2
335,216,1
336,217,2
337,72,1
338,73,3
339,175,1
340,176,5
341,257,2
342,256,7
343,255,1
344,324,5
345,159,7
346,160,3
347,158,1
348,330,4
349,328,5
350,329,7
351,253,5
352,254,2
353,252,1
354,357,5
355,201,5
356,49,5
357,48,1
358,313,5
359,101,3
360,100,1
361,38,3
362,37,1
363,320,1
364,321,5
365,15,5
366,14,7
367,13,1
368,295,3
369,294,7
370,293,1
371,279,5
372,278,1
373,202,6
374,360,6
375,195,3
376,194,1
377,267,5
378,268,7
379,269,5
380,266,7
381,265,1
382,193,5
383,335,2
384,145,4
385,264,3
386,263,7
387,169,2
388,42,5
389,41,1
390,63,8
391,65,9
392,64,10
393,359,9
394,142,13
395,190,8
396,424,9
397,347,8
398,348,10
399,493,14
400,10124,14
401,10134,14
402,10129,14
403,10127,14
404,10128,14
405,10123,14
406,10119,14
407,10118,14
408,10133,14
409,10121,14
410,10131,14
411,10126,14
412,10125,14
413,10130,14
414,10132,14
415,10120,14
416,306,9
417,304,8
418,305,15
419,144,10
420,482,13
421,371,8
422,373,14
423,372,10
424,343,8
425,344,9
426,339,8
427,340,10
428,374,8
429,376,13
430,375,10
431,69,8
432,71,10
433,70,15
434,400,10
435,399,8
436,437,13
437,436,8
438,418,8
439,419,10
440,1,8
441,2,15
442,3,9
443,427,8
444,428,10
445,412,8
446,414,10
447,413,10
448,10004,10
449,10005,10
450,331,8
451,332,10
452,455,10
453,318,8
454,319,10
455,351,10
456,12,10
457,10,8
458,11,15
459,251,13
460,242,13
461,113,9
462,440,8
463,6,10
464,4,8
465,5,15
466,441,10
467,421,10
468,420,8
469,153,15
470,152,8
471,154,10
472,390,8
473,392,13
474,391,10
475,358,10
476,433,8
477,170,8
478,171,9
479,366,10
480,368,10
481,367,10
482,36,9
483,35,15
484,173,8
485,415,8
486,416,10
487,341,8
488,342,10
489,222,10
490,408,8
491,409,10
492,488,11
493,453,8
494,454,9
495,104,8
496,105,10
497,155,8
498,156,15
499,157,10
500,491,14
501,225,10
502,386,14
503,10001,14
504,10002,14
505,10003,14
506,483,14
507,50,10
508,51,9
509,132,10
510,85,10
511,84,8
512,148,10
513,149,13
514,147,8
515,426,10
516,425,8
517,96,8
518,97,10
519,206,10
520,356,10
521,477,13
522,355,8
523,133,8
524,196,12
525,136,10
526,471,10
527,135,13
528,470,9
529,197,13
530,134,13
531,24,10
532,23,8
533,125,10
534,466,13
535,239,8
536,309,8
537,310,10
538,244,12
539,102,8
540,103,9
541,83,10
542,349,8
543,350,9
544,456,8
545,457,10
546,92,8
547,94,13
548,93,10
549,74,8
550,76,10
551,75,15
552,444,10
553,445,14
554,443,8
555,203,10
556,10007,14
557,10007,14
558,431,8
559,432,10
560,207,10
561,472,13
562,118,8
563,119,10
564,88,8
565,89,10
566,383,14
567,59,9
568,58,8
569,316,8
570,317,10
571,485,13
572,214,11
573,449,12
574,450,13
575,107,10
576,106,9
577,237,9
578,236,8
579,250,14
580,163,8
581,164,10
582,187,8
583,189,10
584,188,15
585,116,8
586,230,13
587,117,15
588,229,9
589,228,8
590,314,10
591,174,8
592,39,15
593,40,10
594,385,13
595,124,10
596,238,8
597,140,8
598,141,9
599,115,9
600,352,10
601,109,8
602,110,9
603,99,10
604,98,8
605,401,8
606,402,10
607,382,14
608,131,10
609,246,8
610,247,15
611,248,13
612,380,14
613,381,14
614,166,10
615,165,8
616,463,10
617,108,8
618,346,10
619,345,8
620,271,15
621,270,8
622,272,9
623,249,14
624,337,10
625,370,10
626,68,13
627,67,10
628,66,8
629,130,13
630,129,8
631,240,8
632,126,15
633,467,10
634,81,8
635,82,10
636,462,13
637,297,9
638,296,8
639,490,14
640,56,8
641,57,9
642,226,10
643,458,8
644,181,10
645,180,15
646,179,8
647,184,9
648,298,8
649,183,15
650,303,10
651,308,10
652,307,15
653,52,8
654,53,10
655,481,9
656,150,14
657,151,14
658,241,9
659,439,8
660,122,10
661,312,10
662,200,10
663,429,9
664,146,9
665,259,15
666,258,8
667,260,13
668,430,11
669,198,10
670,177,8
671,178,10
672,31,10
673,29,8
674,30,15
675,34,9
676,32,8
677,33,15
678,290,8
679,291,13
680,292,10
681,299,8
682,476,10
683,323,10
684,322,8
685,182,10
686,44,15
687,43,8
688,45,10
689,138,8
690,139,9
691,95,8
692,208,9
693,417,10
694,484,14
695,46,8
696,47,10
697,232,9
698,231,8
699,489,10
700,18,10
701,17,15
702,16,8
703,172,8
704,25,10
705,26,10
706,205,13
707,204,8
708,127,10
709,395,13
710,393,8
711,394,15
712,311,10
713,186,10
714,60,8
715,61,15
716,62,10
717,77,8
718,78,10
719,262,10
720,261,8
721,137,8
722,474,11
723,233,10
724,55,10
725,54,8
726,211,9
727,243,11
728,475,11
729,282,10
730,281,15
731,280,8
732,20,10
733,19,8
734,384,14
735,378,10
736,486,10
737,377,10
738,379,9
739,369,10
740,224,10
741,223,8
742,112,10
743,111,8
744,464,9
745,448,13
746,447,8
747,406,8
748,315,10
749,407,13
750,479,9
751,10011,13
752,10010,13
753,10008,13
754,10012,13
755,10009,13
756,302,10
757,27,8
758,28,10
759,212,13
760,123,9
761,274,15
762,273,8
763,275,10
764,87,10
765,86,8
766,162,10
767,161,8
768,336,10
769,492,13
770,10006,14
771,91,9
772,90,8
773,423,10
774,422,8
775,411,10
776,410,8
777,404,15
778,405,10
779,403,8
780,286,13
781,285,8
782,213,10
783,354,10
784,353,8
785,227,13
786,301,10
787,300,8
788,452,9
789,451,8
790,289,10
791,287,8
792,288,10
793,80,9
794,199,10
795,79,8
796,219,10
797,218,8
798,235,13
799,215,10
800,461,13
801,446,8
802,143,13
803,478,11
804,362,10
805,361,8
806,460,11
807,459,12
808,210,10
809,209,8
810,338,10
811,22,10
812,21,8
813,364,15
814,363,8
815,365,10
816,168,10
817,167,8
818,327,10
819,442,9
820,326,10
821,325,8
822,9,9
823,7,8
824,8,15
825,234,10
826,398,11
827,397,15
828,396,8
829,121,13
830,120,8
831,435,10
832,434,8
833,438,8
834,185,10
835,245,13
836,192,10
837,191,8
838,284,10
839,283,8
840,334,9
841,333,8
842,473,13
843,221,10
844,220,8
845,277,9
846,276,8
847,114,10
848,465,9
849,128,10
850,216,8
851,217,9
852,72,8
853,73,13
854,468,13
855,175,8
856,176,10
857,257,9
858,256,15
859,255,8
860,324,10
861,159,15
862,160,9
863,158,8
864,330,13
865,328,10
866,329,15
867,253,15
868,254,9
869,252,8
870,357,10
871,388,15
872,389,9
873,387,8
874,201,10
875,480,9
876,49,10
877,48,8
878,313,10
879,101,10
880,100,8
881,38,10
882,37,8
883,320,8
884,321,10
885,15,10
886,14,15
887,13,8
888,295,10
889,294,15
890,293,8
891,279,10
892,278,8
893,202,14
894,360,14
895,195,10
896,194,8
897,267,10
898,268,15
899,269,10
900,266,15
901,265,8
902,193,10
903,469,11
904,335,10
905,145,13
906,264,10
907,263,8
908,169,11
909,42,10
910,41,8
911,63,16
912,65,17
913,64,18
914,359,19
915,142,19
916,190,16
917,424,20
918,594,18
919,347,16
920,348,18
921,493,21
922,10124,21
923,10134,21
924,10129,21
925,10127,21
926,10128,21
927,10123,21
928,10119,21
929,10118,21
930,10133,21
931,10121,21
932,10131,21
933,10126,21
934,10125,21
935,10130,21
936,10132,21
937,10120,21
938,566,16
939,567,19
940,306,19
941,304,16
942,305,18
943,144,18
944,531,18
945,610,16
946,611,18
947,612,17
948,482,20
949,371,16
950,373,17
951,372,18
952,343,16
953,344,20
954,339,16
955,340,18
956,550,18
957,374,16
958,376,17
959,375,18
960,69,16
961,71,18
962,70,26
963,400,18
964,399,16
965,522,16
966,523,18
967,626,19
968,437,20
969,436,18
970,418,16
971,419,18
972,1,16
973,2,26
974,3,17
975,427,16
976,428,18
977,412,16
978,414,18
979,413,18
980,10004,18
981,10005,18
982,331,16
983,332,18
984,455,18
985,318,26
986,319,20
987,351,18
988,12,18
989,10,16
990,11,26
991,251,17
992,242,17
993,113,22
994,440,16
995,6,18
996,4,16
997,5,26
998,441,18
999,421,18
1000,420,16
1001,153,26
1002,152,16
1003,154,18
1004,390,16
1005,392,17
1006,391,26
1007,358,18
1008,433,16
1009,170,16
1010,171,19
1011,366,16
1012,368,18
1013,367,18
1014,36,19
1015,35,26
1016,173,16
1017,638,20
1018,415,16
1019,416,18
1020,341,16
1021,342,19
1022,222,18
1023,546,16
1024,547,19
1025,408,16
1026,409,18
1027,488,23
1028,453,16
1029,454,17
1030,615,19
1031,614,18
1032,613,16
1033,104,16
1034,105,18
1035,155,16
1036,156,26
1037,157,19
1038,491,21
1039,555,20
1040,554,16
1041,585,16
1042,586,18
1043,633,16
1044,635,17
1045,634,18
1046,225,18
1047,386,21
1048,10001,21
1049,10002,21
1050,10003,21
1051,483,21
1052,50,16
1053,51,17
1054,132,18
1055,85,18
1056,84,16
1057,148,18
1058,149,17
1059,147,16
1060,426,18
1061,425,16
1062,529,16
1063,530,17
1064,96,16
1065,97,18
1066,621,19
1067,580,16
1068,581,18
1069,206,18
1070,632,19
1071,356,20
1072,477,19
1073,355,16
1074,558,19
1075,557,18
1076,133,16
1077,196,17
1078,136,18
1079,471,18
1080,135,17
1081,470,18
1082,197,20
1083,134,17
1084,24,18
1085,23,16
1086,125,18
1087,466,19
1088,239,16
1089,309,16
1090,310,19
1091,606,18
1092,605,16
1093,587,18
1094,244,19
1095,102,16
1096,103,18
1097,83,18
1098,349,16
1099,350,20
1100,597,19
1101,598,17
1102,456,16
1103,457,18
1104,591,19
1105,590,16
1106,592,18
1107,593,17
1108,92,16
1109,94,17
1110,93,18
1111,649,21
1112,74,16
1113,76,18
1114,75,26
1115,444,18
1116,445,17
1117,443,16
1118,203,18
1119,10007,21
1120,10007,21
1121,431,16
1122,432,18
1123,207,20
1124,472,17
1125,118,16
1126,119,18
1127,622,16
1128,623,18
1129,574,16
1130,576,22
1131,575,18
1132,88,16
1133,89,18
1134,383,21
1135,59,20
1136,58,16
1137,316,16
1138,317,18
1139,631,18
1140,485,17
1141,214,20
1142,449,16
1143,450,17
1144,107,19
1145,106,19
1146,237,20
1147,236,16
1148,250,21
1149,163,16
1150,164,18
1151,187,16
1152,189,18
1153,188,26
1154,116,16
1155,230,20
1156,117,18
1157,229,20
1158,228,16
1159,314,18
1160,174,16
1161,39,26
1162,40,18
1163,385,17
1164,596,19
1165,595,16
1166,124,24
1167,238,16
1168,140,16
1169,141,19
1170,115,18
1171,589,19
1172,588,16
1173,352,18
1174,647,17
1175,600,18
1176,599,16
1177,601,19
1178,109,16
1179,110,18
1180,99,18
1181,98,16
1182,401,16
1183,402,18
1184,382,21
1185,646,22
1186,10022,17
1187,10023,21
1188,645,21
1189,10021,17
1190,131,18
1191,636,16
1192,637,17
1193,246,16
1194,247,26
1195,248,17
1196,380,17
1197,381,17
1198,166,18
1199,165,16
1200,463,18
1201,108,16
1202,346,18
1203,345,16
1204,507,26
1205,506,16
1206,508,18
1207,609,22
1208,608,18
1209,607,16
1210,271,26
1211,270,16
1212,272,18
1213,249,21
1214,337,18
1215,370,18
1216,68,20
1217,67,18
1218,66,16
1219,130,17
1220,129,16
1221,240,16
1222,126,18
1223,467,19
1224,81,16
1225,82,19
1226,462,17
1227,297,19
1228,296,16
1229,490,21
1230,56,16
1231,57,18
1232,226,18
1233,458,16
1234,556,18
1235,181,18
1236,180,26
1237,179,16
1238,184,20
1239,298,16
1240,183,26
1241,303,18
1242,308,19
1243,307,26
1244,648,20
1245,52,16
1246,53,18
1247,481,19
1248,150,21
1249,151,20
1250,619,16
1251,620,20
1252,241,18
1253,439,16
1254,122,18
1255,573,19
1256,572,16
1257,312,18
1258,200,18
1259,429,20
1260,146,19
1261,259,26
1262,258,16
1263,260,20
1264,517,16
1265,518,25
1266,430,20
1267,198,18
1268,177,18
1269,178,20
1270,31,20
1271,29,16
1272,30,26
1273,34,20
1274,32,16
1275,33,26
1276,290,16
1277,291,18
1278,292,18
1279,299,16
1280,476,18
1281,323,18
1282,322,16
1283,182,18
1284,44,26
1285,43,16
1286,45,18
1287,138,16
1288,139,19
1289,95,16
1290,208,19
1291,502,26
1292,501,16
1293,503,18
1294,417,18
1295,484,21
1296,515,16
1297,516,18
1298,511,16
1299,512,18
1300,513,16
1301,514,18
1302,46,16
1303,47,18
1304,504,16
1305,505,18
1306,625,20
1307,624,16
1308,549,19
1309,548,16
1310,232,17
1311,231,16
1312,489,18
1313,18,18
1314,17,26
1315,16,16
1316,519,16
1317,520,26
1318,521,18
1319,172,16
1320,25,18
1321,26,18
1322,205,17
1323,204,18
1324,127,18
1325,395,20
1326,393,16
1327,394,26
1328,311,18
1329,186,17
1330,60,16
1331,61,26
1332,62,19
1333,77,16
1334,78,18
1335,262,18
1336,261,16
1337,137,16
1338,474,20
1339,233,20
1340,55,18
1341,54,16
1342,510,18
1343,509,16
1344,211,19
1345,243,20
1346,475,19
1347,282,18
1348,281,26
1349,280,16
1350,20,18
1351,19,16
1352,384,21
1353,378,18
1354,486,18
1355,377,18
1356,379,20
1357,369,18
1358,224,18
1359,223,16
1360,643,21
1361,112,19
1362,111,16
1363,464,20
1364,448,17
1365,447,18
1366,525,26
1367,526,18
1368,524,16
1369,406,16
1370,315,18
1371,407,20
1372,479,19
1373,10011,18
1374,10010,18
1375,10008,20
1376,10012,19
1377,10009,17
1378,628,18
1379,627,16
1380,302,20
1381,552,26
1382,553,20
1383,551,16
1384,27,16
1385,28,19
1386,539,18
1387,560,20
1388,559,18
1389,212,17
1390,123,19
1391,274,26
1392,273,16
1393,275,18
1394,87,18
1395,86,16
1396,162,18
1397,161,16
1398,336,18
1399,542,18
1400,540,16
1401,541,26
1402,492,20
1403,10006,21
1404,91,17
1405,90,16
1406,423,17
1407,422,16
1408,617,19
1409,616,16
1410,411,18
1411,410,16
1412,404,26
1413,405,18
1414,403,16
1415,286,17
1416,285,16
1417,213,18
1418,354,18
1419,353,16
1420,561,19
1421,227,17
1422,301,18
1423,300,16
1424,452,19
1425,451,16
1426,289,18
1427,287,16
1428,288,18
1429,80,20
1430,199,19
1431,79,16
1432,219,18
1433,218,16
1434,235,19
1435,215,18
1436,461,20
1437,497,18
1438,496,18
1439,495,16
1440,446,18
1441,143,20
1442,478,22
1443,362,18
1444,361,16
1445,460,20
1446,459,16
1447,210,18
1448,209,16
1449,578,18
1450,579,17
1451,577,16
1452,338,18
1453,22,18
1454,21,16
1455,364,26
1456,363,16
1457,365,18
1458,168,18
1459,167,16
1460,327,18
1461,442,19
1462,326,18
1463,325,16
1464,9,20
1465,7,16
1466,8,18
1467,234,18
1468,398,22
1469,397,26
1470,396,16
1471,121,17
1472,120,16
1473,618,18
1474,435,18
1475,434,16
1476,438,16
1477,185,18
1478,245,20
1479,192,18
1480,191,16
1481,284,18
1482,283,16
1483,334,18
1484,333,16
1485,473,17
1486,221,18
1487,220,16
1488,277,18
1489,276,16
1490,114,18
1491,465,19
1492,128,18
1493,216,16
1494,217,18
1495,72,16
1496,73,17
1497,500,19
1498,499,26
1499,498,16
1500,639,17
1501,538,18
1502,642,21
1503,10020,17
1504,534,17
1505,533,18
1506,532,16
1507,565,18
1508,564,16
1509,468,20
1510,175,16
1511,176,18
1512,257,21
1513,256,18
1514,255,16
1515,324,18
1516,641,20
1517,10019,21
1518,159,26
1519,160,19
1520,158,16
1521,330,20
1522,328,16
1523,329,26
1524,253,26
1525,254,19
1526,252,16
1527,357,18
1528,569,18
1529,568,16
1530,388,26
1531,389,18
1532,387,16
1533,536,26
1534,537,18
1535,535,16
1536,603,26
1537,604,18
1538,602,16
1539,201,18
1540,480,19
1541,583,26
1542,582,16
1543,584,18
1544,545,24
1545,543,16
1546,544,26
1547,49,23
1548,48,16
1549,494,20
1550,640,20
1551,313,18
1552,101,18
1553,100,16
1554,630,18
1555,629,16
1556,38,17
1557,37,26
1558,320,16
1559,321,18
1560,15,18
1561,14,26
1562,13,16
1563,295,18
1564,294,26
1565,293,16
1566,279,18
1567,278,16
1568,202,22
1569,360,18
1570,528,18
1571,527,16
1572,195,19
1573,194,16
1574,267,18
1575,268,26
1576,269,18
1577,266,26
1578,265,16
1579,563,20
1580,562,16
1581,193,26
1582,469,20
1583,335,18
1584,145,20
1585,644,21
1586,264,18
1587,263,16
1588,571,20
1589,570,16
1590,169,20
1591,42,18
1592,41,16
1593,63,27
1594,65,28
1595,64,29
1596,359,30
1597,142,30
1598,190,27
1599,424,30
1600,594,30
1601,698,27
1602,699,31
1603,347,27
1604,348,29
1605,493,32
1606,10124,32
1607,10134,32
1608,10129,32
1609,10122,32
1610,10127,32
1611,10128,32
1612,10123,32
1613,10119,32
1614,10118,32
1615,10133,32
1616,10121,32
1617,10131,32
1618,10126,32
1619,10125,32
1620,10130,32
1621,10132,32
1622,10120,32
1623,566,27
1624,567,31
1625,306,31
1626,304,27
1627,305,39
1628,144,29
1629,531,29
1630,610,27
1631,611,29
1632,612,33
1633,482,34
1634,371,27
1635,373,28
1636,372,39
1637,343,27
1638,344,31
1639,339,27
1640,340,29
1641,550,29
1642,374,27
1643,376,33
1644,375,29
1645,69,27
1646,71,35
1647,70,29
1648,713,29
1649,712,27
1650,400,29
1651,399,27
1652,689,31
1653,688,27
1654,522,27
1655,523,29
1656,626,29
1657,437,30
1658,436,27
1659,418,27
1660,419,29
1661,1,27
1662,2,39
1663,3,30
1664,427,27
1665,428,29
1666,659,27
1667,660,28
1668,412,27
1669,414,29
1670,413,29
1671,10004,29
1672,10005,29
1673,331,27
1674,332,29
1675,703,29
1676,455,29
1677,318,27
1678,319,36
1679,351,29
1680,12,29
1681,10,27
1682,11,39
1683,251,33
1684,242,33
1685,113,34
1686,440,27
1687,6,31
1688,4,27
1689,5,39
1690,441,29
1691,421,29
1692,420,27
1693,652,33
1694,650,27
1695,651,29
1696,153,39
1697,152,27
1698,154,29
1699,390,27
1700,392,33
1701,391,29
1702,358,29
1703,433,27
1704,170,29
1705,171,31
1706,366,27
1707,368,29
1708,367,29
1709,692,27
1710,693,30
1711,36,34
1712,35,29
1713,173,27
1714,638,33
1715,415,27
1716,416,29
1717,341,27
1718,342,33
1719,222,29
1720,546,27
1721,547,33
1722,408,27
1723,409,29
1724,488,33
1725,453,27
1726,454,33
1727,615,29
1728,614,29
1729,613,27
1730,104,27
1731,105,29
1732,155,27
1733,156,39
1734,157,30
1735,491,32
1736,555,33
1737,554,27
1738,702,29
1739,585,27
1740,586,29
1741,633,27
1742,635,33
1743,634,29
1744,225,29
1745,386,32
1746,10001,32
1747,10002,32
1748,10003,32
1749,483,32
1750,719,30
1751,50,27
1752,51,34
1753,132,29
1754,85,29
1755,84,27
1756,148,29
1757,149,34
1758,147,27
1759,426,29
1760,425,39
1761,529,27
1762,530,34
1763,96,27
1764,97,29
1765,621,30
1766,580,27
1767,581,29
1768,206,29
1769,632,36
1770,356,29
1771,477,29
1772,355,27
1773,558,29
1774,557,27
1775,133,27
1776,196,33
1777,136,29
1778,471,29
1779,135,30
1780,470,29
1781,700,33
1782,197,33
1783,134,33
1784,24,29
1785,23,27
1786,125,29
1787,466,31
1788,239,27
1789,309,27
1790,310,31
1791,606,29
1792,605,27
1793,587,29
1794,244,33
1795,677,27
1796,10025,29
1797,678,29
1798,102,27
1799,103,35
1800,83,29
1801,349,27
1802,350,33
1803,654,39
1804,655,30
1805,653,27
1806,597,31
1807,598,34
1808,456,27
1809,457,29
1810,669,27
1811,670,39
1812,671,33
1813,10061,39
1814,662,30
1815,661,27
1816,663,34
1817,591,34
1818,590,27
1819,592,27
1820,593,30
1821,656,27
1822,657,29
1823,658,32
1824,676,29
1825,92,27
1826,94,34
1827,93,31
1828,649,32
1829,74,27
1830,76,29
1831,75,39
1832,444,29
1833,445,34
1834,443,27
1835,203,29
1836,10007,32
1837,10007,32
1838,431,27
1839,432,29
1840,207,33
1841,472,34
1842,118,27
1843,119,29
1844,622,27
1845,623,31
1846,706,33
1847,704,27
1848,705,29
1849,574,27
1850,576,29
1851,575,39
1852,88,27
1853,89,29
1854,383,32
1855,59,33
1856,58,27
1857,316,27
1858,317,29
1859,701,28
1860,631,29
1861,485,34
1862,695,33
1863,694,27
1864,214,33
1865,449,29
1866,450,34
1867,107,31
1868,106,30
1869,237,30
1870,236,27
1871,681,32
1872,680,33
1873,679,27
1874,250,32
1875,720,30
1876,10086,32
1877,163,27
1878,164,29
1879,187,27
1880,189,29
1881,188,39
1882,116,27
1883,230,36
1884,117,39
1885,229,30
1886,228,27
1887,314,29
1888,686,27
1889,687,31
1890,174,27
1891,39,39
1892,40,29
1893,385,34
1894,596,33
1895,595,27
1896,124,31
1897,238,27
1898,140,27
1899,141,31
1900,115,31
1901,589,30
1902,588,27
1903,352,31
1904,647,34
1905,707,33
1906,600,29
1907,599,27
1908,601,31
1909,109,27
1910,110,31
1911,99,29
1912,98,27
1913,401,27
1914,402,29
1915,382,32
1916,646,36
1917,10022,34
1918,10023,32
1919,645,32
1920,10021,34
1921,131,29
1922,636,27
1923,637,28
1924,246,27
1925,247,39
1926,248,34
1927,380,34
1928,381,34
1929,166,29
1930,165,27
1931,463,29
1932,108,27
1933,346,31
1934,345,27
1935,507,39
1936,506,27
1937,508,29
1938,667,27
1939,668,31
1940,609,33
1941,608,29
1942,607,27
1943,271,39
1944,270,27
1945,272,31
1946,249,32
1947,337,29
1948,370,29
1949,68,33
1950,67,35
1951,66,27
1952,130,33
1953,129,27
1954,240,27
1955,126,39
1956,467,31
1957,81,27
1958,82,30
1959,462,34
1960,297,31
1961,296,27
1962,490,34
1963,56,27
1964,57,31
1965,226,31
1966,458,27
1967,556,29
1968,181,29
1969,180,39
1970,179,27
1971,184,34
1972,298,27
1973,183,39
1974,303,29
1975,308,30
1976,307,39
1977,648,30
1978,52,27
1979,53,29
1980,481,31
1981,150,32
1982,151,34
1983,619,27
1984,620,33
1985,241,31
1986,439,27
1987,122,29
1988,573,30
1989,572,27
1990,312,29
1991,200,29
1992,429,31
1993,146,36
1994,259,39
1995,258,27
1996,260,33
1997,517,27
1998,518,35
1999,430,36
2000,198,29
2001,177,29
2002,178,31
2003,31,33
2004,29,27
2005,30,39
2006,34,33
2007,32,27
2008,33,39
2009,290,27
2010,291,29
2011,292,29
2012,714,27
2013,715,36
2014,299,27
2015,476,29
2016,323,29
2017,322,27
2018,182,29
2019,44,39
2020,43,27
2021,45,31
2022,138,27
2023,139,31
2024,95,27
2025,208,31
2026,502,39
2027,501,27
2028,503,31
2029,417,29
2030,484,32
2031,674,27
2032,675,36
2033,515,27
2034,516,29
2035,511,27
2036,512,29
2037,513,27
2038,514,29
2039,46,27
2040,47,29
2041,504,27
2042,505,29
2043,625,34
2044,624,29
2045,549,31
2046,548,27
2047,232,33
2048,231,27
2049,708,27
2050,709,29
2051,489,29
2052,18,29
2053,17,39
2054,16,27
2055,519,27
2056,520,39
2057,521,29
2058,172,27
2059,25,39
2060,26,29
2061,205,33
2062,204,27
2063,127,31
2064,395,33
2065,393,27
2066,394,29
2067,311,29
2068,186,29
2069,60,27
2070,61,39
2071,62,31
2072,77,27
2073,78,29
2074,262,29
2075,261,27
2076,137,27
2077,474,33
2078,233,33
2079,55,29
2080,54,27
2081,10032,29
2082,10031,29
2083,10030,29
2084,10032,29
2085,10029,27
2086,10028,27
2087,10027,27
2088,10029,27
2089,510,31
2090,509,27
2091,211,30
2092,243,34
2093,475,30
2094,282,33
2095,281,39
2096,280,27
2097,20,29
2098,19,27
2099,384,32
2100,378,29
2101,486,29
2102,377,31
2103,379,30
2104,369,29
2105,224,29
2106,223,27
2107,643,32
2108,112,31
2109,111,27
2110,464,30
2111,448,33
2112,447,27
2113,525,39
2114,526,29
2115,524,27
2116,406,27
2117,315,29
2118,407,33
2119,479,31
2120,10011,29
2121,10010,29
2122,10008,33
2123,10012,30
2124,10009,34
2125,628,30
2126,627,27
2127,302,36
2128,552,29
2129,553,33
2130,551,27
2131,27,27
2132,28,31
2133,539,30
2134,664,27
2135,665,39
2136,666,31
2137,560,30
2138,559,27
2139,212,34
2140,123,31
2141,274,39
2142,273,27
2143,275,31
2144,87,29
2145,86,27
2146,162,29
2147,161,27
2148,336,29
2149,542,29
2150,540,27
2151,541,39
2152,492,36
2153,10006,32
2154,91,33
2155,90,27
2156,423,31
2157,422,27
2158,617,30
2159,616,27
2160,411,29
2161,410,27
2162,404,39
2163,405,29
2164,403,27
2165,286,34
2166,285,27
2167,213,36
2168,354,29
2169,353,27
2170,561,30
2171,227,34
2172,673,29
2173,672,27
2174,301,29
2175,300,27
2176,452,30
2177,451,27
2178,691,36
2179,690,27
2180,289,29
2181,287,27
2182,288,35
2183,80,34
2184,199,30
2185,79,27
2186,219,29
2187,218,27
2188,235,29
2189,215,30
2190,461,34
2191,497,34
2192,496,29
2193,495,27
2194,446,29
2195,143,33
2196,478,36
2197,362,29
2198,361,27
2199,460,31
2200,459,27
2201,210,30
2202,209,27
2203,578,29
2204,579,33
2205,577,27
2206,338,29
2207,22,29
2208,21,27
2209,364,39
2210,363,27
2211,365,29
2212,168,29
2213,167,27
2214,327,29
2215,442,30
2216,326,29
2217,325,27
2218,683,30
2219,682,27
2220,9,30
2221,7,27
2222,8,29
2223,234,29
2224,398,28
2225,397,39
2226,396,27
2227,121,34
2228,120,27
2229,618,29
2230,435,31
2231,434,27
2232,438,27
2233,185,29
2234,245,33
2235,192,29
2236,191,27
2237,284,29
2238,283,27
2239,334,29
2240,333,27
2241,473,33
2242,221,31
2243,220,27
2244,685,36
2245,684,39
2246,277,31
2247,276,27
2248,114,29
2249,465,34
2250,128,31
2251,216,27
2252,217,29
2253,72,27
2254,73,33
2255,500,30
2256,499,39
2257,498,27
2258,639,28
2259,538,35
2260,642,34
2261,10020,28
2262,534,33
2263,533,31
2264,532,27
2265,565,35
2266,564,27
2267,468,28
2268,175,27
2269,176,30
2270,257,32
2271,256,29
2272,255,27
2273,324,29
2274,641,33
2275,10019,34
2276,159,39
2277,160,33
2278,158,27
2279,330,30
2280,328,29
2281,329,29
2282,253,39
2283,254,37
2284,252,27
2285,357,29
2286,569,31
2287,568,27
2288,388,39
2289,389,31
2290,387,27
2291,536,39
2292,537,30
2293,535,27
2294,603,39
2295,604,30
2296,602,27
2297,697,36
2298,696,27
2299,201,29
2300,480,30
2301,583,39
2302,582,27
2303,584,29
2304,545,28
2305,543,29
2306,544,29
2307,49,36
2308,48,27
2309,494,28
2310,640,30
2311,313,29
2312,721,34
2313,101,29
2314,100,27
2315,630,33
2316,629,29
2317,38,29
2318,37,27
2319,320,27
2320,321,29
2321,15,29
2322,14,39
2323,13,27
2324,295,30
2325,294,39
2326,293,27
2327,279,29
2328,278,27
2329,202,29
2330,360,27
2331,528,29
2332,527,27
2333,195,29
2334,194,27
2335,267,29
2336,268,39
2337,269,29
2338,266,39
2339,265,27
2340,716,32
2341,563,30
2342,562,27
2343,193,39
2344,469,36
2345,717,32
2346,335,31
2347,145,34
2348,644,32
2349,264,35
2350,263,27
2351,571,36
2352,570,27
2353,169,33
2354,42,30
2355,41,27
2356,718,28